,Education,Marital_Status,Income,Children,Recency,Total_spent,Total_no_purchase,TotalAcceptedCmp,Complain,Response,Age,Labels
0,3,0,58138.0,0,58,1617,25,1,0,1,64,2
1,3,0,46344.0,2,38,27,6,0,0,0,67,0
2,3,1,71613.0,0,26,776,21,0,0,0,56,1
3,3,1,26646.0,1,26,53,8,0,0,0,37,0
4,2,1,58293.0,1,94,422,19,0,0,0,40,1
5,1,1,62513.0,1,16,716,22,0,0,0,54,1
6,3,0,55635.0,1,34,590,21,0,0,0,50,1
7,2,1,33454.0,1,32,169,10,0,0,0,36,0
8,2,1,30351.0,1,19,46,6,1,0,1,47,0
9,2,1,5648.0,2,68,49,2,1,0,0,71,0
10,0,1,7500.0,0,59,61,6,0,0,0,45,0
11,3,0,63033.0,0,82,1102,16,0,0,0,62,1
12,1,0,59354.0,2,53,310,15,0,0,0,69,0
13,3,1,17323.0,0,38,46,5,0,0,0,34,0
14,2,0,82800.0,0,23,1315,26,3,0,1,75,2
15,3,1,41850.0,2,51,96,9,0,0,0,41,0
16,3,1,37760.0,0,20,317,13,0,0,0,75,1
17,1,1,76995.0,1,91,1782,26,1,0,0,72,1
18,1,0,33812.0,1,86,133,8,0,0,0,36,0
19,3,1,37040.0,0,41,316,12,0,0,0,39,0
20,3,1,2447.0,1,42,1730,43,0,0,0,42,1
21,2,1,58607.0,1,63,972,17,1,0,0,72,1
22,2,1,65324.0,1,0,544,20,0,0,0,67,1
23,3,1,40689.0,1,69,444,20,0,0,0,70,1
24,3,0,18589.0,0,89,75,8,0,0,0,52,0
25,3,1,53359.0,2,4,257,14,0,0,0,45,0
26,3,1,38360.0,1,26,131,9,0,0,0,32,0
27,2,1,84618.0,0,96,1672,26,1,0,0,56,1
28,1,0,10979.0,0,34,30,8,0,0,0,32,0
29,1,1,38620.0,0,56,318,11,0,0,0,58,0
30,3,1,40548.0,1,31,120,9,1,0,0,51,0
31,2,0,46610.0,2,8,302,17,1,0,1,69,2
32,1,1,68657.0,0,4,1196,18,0,0,0,75,1
33,1,0,49389.0,2,55,65,6,0,0,0,70,0
34,2,1,67353.0,1,37,913,28,0,0,0,51,1
35,1,1,23718.0,1,76,81,9,0,0,0,45,0
36,3,0,42429.0,1,99,67,7,0,0,0,48,0
37,2,0,48948.0,0,53,902,24,2,0,1,78,2
38,3,1,80011.0,1,3,1395,21,0,0,0,41,1
39,1,1,20559.0,1,88,53,7,0,0,0,36,0
40,3,1,21994.0,1,4,22,4,0,0,0,64,0
41,1,1,7500.0,1,19,31,8,0,0,0,46,0
42,3,0,79941.0,0,72,984,16,0,0,0,45,1
43,1,1,7500.0,0,24,122,10,1,0,1,25,2
44,3,1,41728.0,1,92,55,5,0,0,0,53,0
45,2,1,72550.0,2,39,1319,28,0,0,0,67,1
46,3,0,65486.0,1,29,507,17,0,0,0,64,1
47,1,1,79143.0,0,2,1693,29,0,0,0,57,1
48,3,0,35790.0,1,54,72,7,0,0,0,44,0
49,3,0,82582.0,0,54,1617,21,3,0,1,44,2
50,3,1,66373.0,2,57,606,23,0,0,0,43,1
51,1,1,82384.0,0,55,1957,27,2,0,1,66,2
52,3,0,70287.0,0,30,1093,21,1,0,1,55,2
53,3,0,27938.0,1,31,29,6,0,0,0,33,0
54,2,1,55954.0,1,63,518,19,0,0,0,53,1
55,1,0,75777.0,0,12,1438,21,3,0,1,39,2
56,3,1,66653.0,2,18,612,22,0,0,0,46,1
57,3,0,61823.0,1,26,884,24,0,0,0,69,1
58,2,0,67680.0,1,8,606,19,0,0,0,70,1
59,3,1,70666.0,0,29,1076,16,0,0,0,73,1
60,3,1,25721.0,1,75,34,5,1,0,1,50,0
61,3,1,32474.0,2,0,11,4,0,0,0,54,0
62,1,0,88194.0,1,19,1274,32,3,0,1,42,2
63,3,1,69096.0,1,4,653,18,0,0,0,63,1
64,3,1,74854.0,3,90,1562,19,0,0,0,51,1
65,1,1,66991.0,0,1,1253,21,0,0,0,67,1
66,3,1,65031.0,1,29,863,30,0,0,0,62,1
67,2,1,60631.0,2,88,661,24,1,0,0,46,1
68,3,1,28332.0,0,58,65,8,0,0,0,69,0
69,3,0,40246.0,1,68,13,4,0,0,0,44,0
70,1,1,75251.0,0,34,1890,19,1,0,1,49,2
71,3,0,75825.0,0,40,2209,22,2,0,1,45,2
72,1,1,26326.0,0,12,18,4,0,1,0,45,3
73,3,1,56046.0,0,9,692,21,2,0,1,56,2
74,3,0,29760.0,1,87,165,12,0,0,0,36,0
75,3,1,26304.0,1,5,16,4,0,0,0,52,0
76,1,1,23559.0,1,87,79,9,0,0,0,48,0
77,1,1,38620.0,0,56,318,11,0,0,0,58,0
78,3,0,81361.0,0,18,778,27,0,0,0,34,1
79,3,1,29440.0,2,95,56,7,0,0,0,61,0
80,1,1,36138.0,2,48,151,13,1,0,0,51,0
81,3,0,50388.0,1,3,372,17,3,0,1,64,2
82,3,1,79593.0,0,70,1366,19,1,0,0,48,1
83,3,1,54178.0,1,79,194,10,0,0,0,54,0
84,1,0,42394.0,1,69,32,5,0,0,0,49,0
85,2,1,23626.0,1,84,43,10,0,0,0,51,0
86,3,1,30096.0,1,30,45,6,0,0,0,38,0
87,3,0,47916.0,1,72,606,22,1,0,0,61,1
88,3,0,51813.0,2,37,63,7,0,0,0,49,0
89,1,1,78497.0,0,44,978,25,1,0,0,70,1
90,2,1,50150.0,0,32,410,16,0,0,0,38,1
91,1,0,47823.0,1,0,72,7,0,0,0,61,0
92,2,0,34554.0,1,43,55,7,0,0,0,62,0
93,3,1,85693.0,1,59,1169,27,0,0,0,42,1
94,2,1,65846.0,0,68,1120,16,0,0,0,76,1
95,3,1,87195.0,0,35,1097,20,1,0,1,62,2
96,0,1,24594.0,1,94,29,5,0,0,0,42,0
97,3,1,49096.0,2,15,187,13,0,0,0,57,0
98,3,1,52413.0,2,56,910,26,0,0,0,52,1
99,3,0,38557.0,1,17,145,9,0,0,0,43,0
100,1,1,89058.0,0,18,850,14,0,0,0,61,1
101,3,1,77298.0,1,46,969,24,0,0,0,42,1
102,2,0,68126.0,0,40,1820,17,2,0,1,30,2
103,1,1,57288.0,1,27,608,20,1,0,0,58,1
104,3,0,86037.0,0,95,730,25,3,0,1,30,2
105,2,1,43974.0,1,19,551,21,0,0,0,41,1
106,3,0,50785.0,2,27,114,8,0,0,0,59,0
107,3,1,90765.0,0,25,1724,15,2,0,0,51,1
108,1,1,36550.0,1,74,577,20,0,0,0,43,0
109,1,1,30753.0,2,85,81,7,0,0,0,54,0
110,3,1,21918.0,1,37,33,7,0,0,0,52,0
111,1,1,56129.0,1,65,660,22,0,0,0,68,1
112,1,0,32557.0,1,13,80,9,1,0,1,54,2
113,1,1,19510.0,2,63,30,6,0,0,0,36,0
114,3,0,30992.0,1,83,43,5,0,0,0,45,0
115,3,0,101970.0,0,69,1135,27,4,0,1,38,2
116,1,1,71488.0,0,87,559,16,0,0,0,56,1
117,3,0,79607.0,0,37,1923,16,1,0,1,37,2
118,1,1,54348.0,2,51,90,8,0,0,0,68,0
119,2,1,77376.0,2,72,661,23,0,0,0,65,1
120,3,1,62998.0,1,10,463,19,0,0,0,69,1
121,1,0,61331.0,2,42,632,23,0,0,0,63,1
122,3,1,73448.0,0,10,725,19,0,0,0,52,1
123,2,1,41551.0,2,51,279,16,0,0,0,57,0
124,2,1,62981.0,0,21,1482,23,1,0,0,54,1
125,0,0,9548.0,1,31,29,6,0,0,0,45,0
126,2,1,33762.0,3,61,106,9,0,0,0,62,0
127,2,0,35860.0,2,37,49,6,2,0,1,48,2
128,2,0,36921.0,2,74,38,7,0,0,0,56,0
129,1,0,92859.0,0,46,2077,22,0,0,0,29,1
130,1,1,65104.0,1,4,1053,17,1,0,1,45,2
131,3,1,86111.0,0,73,1385,23,0,0,0,59,1
132,2,0,68352.0,1,47,871,25,0,0,0,47,1
133,3,1,41883.0,1,13,312,12,0,0,0,33,0
134,3,1,59809.0,2,36,877,15,0,0,0,45,0
135,3,1,23957.0,1,47,68,6,1,0,1,46,0
136,3,1,38547.0,1,49,22,4,0,1,0,40,3
137,1,1,35688.0,3,94,211,16,0,0,0,48,0
138,1,1,49605.0,0,65,127,8,0,0,0,55,0
139,1,1,59354.0,2,59,459,16,0,0,0,68,0
140,3,1,65747.0,1,96,460,19,1,0,0,52,1
141,1,1,46344.0,1,28,429,17,0,0,0,49,0
142,3,0,34176.0,1,12,89,11,0,0,0,33,0
143,2,1,61010.0,1,57,1021,26,0,0,0,69,1
144,3,1,69372.0,0,10,1381,21,3,0,1,72,2
145,3,0,49967.0,1,4,306,15,0,0,0,63,0
146,3,0,60199.0,3,49,18,4,0,0,0,43,0
147,3,1,55375.0,1,3,162,9,0,0,0,44,0
148,3,0,80317.0,0,64,1231,18,0,0,0,66,1
149,1,0,30523.0,3,0,13,4,0,0,0,63,0
150,2,1,70356.0,0,20,1706,27,0,0,0,76,1
151,3,1,23228.0,1,91,121,11,0,0,0,37,0
152,2,0,74165.0,0,9,1293,20,0,0,0,46,1
153,2,1,157243.0,1,98,1608,37,0,0,0,48,1
154,3,1,43482.0,3,83,88,9,0,0,0,55,0
155,3,0,62551.0,0,27,421,18,1,0,0,68,1
156,3,0,52332.0,0,63,259,12,1,0,0,62,1
157,3,0,66951.0,0,46,1117,15,0,0,0,33,1
158,3,1,26091.0,2,84,89,9,0,0,0,64,0
159,3,1,33456.0,2,58,36,6,0,0,0,56,0
160,3,1,28718.0,1,78,57,7,0,0,0,39,0
161,3,1,50447.0,2,4,148,8,0,0,0,51,0
162,2,1,53537.0,2,17,93,8,0,0,0,62,0
163,3,0,52074.0,1,77,119,7,1,0,0,54,0
164,2,1,80427.0,1,56,1835,28,0,0,0,46,1
165,2,1,83837.0,0,79,1318,25,3,0,1,73,2
166,2,1,38853.0,2,90,45,7,0,0,0,51,0
167,3,1,38285.0,3,96,10,4,0,0,0,62,0
168,1,1,78497.0,0,44,978,25,1,0,0,70,1
169,2,1,51650.0,1,81,191,10,0,0,0,45,0
170,1,1,16248.0,1,77,57,9,0,0,0,33,0
171,1,1,66835.0,0,21,1033,24,0,0,0,75,1
172,1,1,30477.0,1,16,66,6,0,0,0,37,0
173,0,1,28249.0,0,80,43,6,0,0,0,60,0
174,3,1,25271.0,1,45,50,5,0,0,0,38,0
175,2,0,32303.0,1,63,39,7,0,0,0,51,0
176,3,1,61286.0,1,34,608,18,0,0,0,55,1
177,3,1,74068.0,0,14,1581,24,0,0,0,45,1
178,2,1,45759.0,2,13,68,7,0,0,0,57,0
179,0,1,24882.0,1,52,80,5,1,0,0,43,0
180,2,1,66973.0,0,98,1282,28,0,0,0,32,1
181,1,0,36640.0,1,99,65,6,0,1,0,121,3
182,3,1,38872.0,1,93,91,8,0,0,0,33,0
183,3,1,51148.0,2,38,315,16,0,0,0,48,0
184,3,1,31353.0,2,24,31,6,0,0,0,44,0
185,1,1,69661.0,0,80,834,23,0,0,0,41,1
186,3,1,80067.0,0,82,1600,17,1,0,0,67,1
187,3,1,86718.0,0,20,1270,17,0,0,0,67,1
188,2,0,46854.0,2,81,263,15,2,0,1,48,2
189,3,0,69142.0,1,50,535,19,1,0,0,69,1
190,3,0,75922.0,0,60,1295,18,0,0,0,53,1
191,3,0,63693.0,1,63,1150,29,0,0,0,43,1
192,2,1,102160.0,0,54,1240,26,4,0,1,44,2
193,2,0,40637.0,2,72,38,6,0,0,0,56,0
194,1,0,18890.0,0,5,35,4,2,0,1,37,2
195,3,1,29604.0,1,88,53,5,1,0,0,33,0
196,1,0,48721.0,2,50,293,17,0,0,0,58,0
197,3,1,44794.0,1,99,65,6,0,0,0,55,0
198,3,0,64497.0,1,17,1804,29,2,0,1,67,2
199,3,1,46097.0,1,11,241,15,0,0,0,65,0
200,3,1,77972.0,0,18,1101,20,0,0,0,67,1
201,2,1,44377.0,2,70,264,19,0,0,0,53,0
202,1,1,46014.0,2,21,541,26,0,0,0,47,1
203,3,1,70951.0,0,66,1198,17,0,0,0,36,1
204,3,1,41443.0,1,79,482,20,0,0,0,44,1
205,1,0,52195.0,3,2,17,4,0,0,0,43,0
206,1,1,83790.0,0,81,1615,25,2,0,0,73,1
207,1,0,44551.0,1,24,285,12,0,0,0,67,0
208,3,1,69508.0,1,48,1135,28,0,0,0,41,1
209,1,1,45204.0,1,93,114,7,0,0,0,33,0
210,3,1,72460.0,0,56,1047,16,0,0,0,52,1
211,2,1,77622.0,2,3,714,22,0,0,0,51,1
212,2,1,30732.0,1,44,185,13,0,0,0,41,0
213,3,0,63887.0,1,38,1245,32,0,0,0,59,1
214,3,1,42011.0,1,46,189,12,0,0,0,43,0
215,3,1,51369.0,1,84,576,16,0,0,0,45,1
216,3,0,51537.0,1,27,1103,18,0,0,0,69,1
217,2,1,79930.0,0,72,1753,17,0,0,0,49,1
218,2,1,34320.0,1,66,17,4,0,0,0,35,0
219,3,0,37070.0,2,30,433,23,1,0,1,55,2
220,1,0,81975.0,1,2,1588,14,1,0,0,59,1
221,3,1,38590.0,1,65,22,4,0,0,0,50,0
222,3,0,15033.0,0,37,19,5,0,0,0,70,0
223,2,1,62745.0,1,89,1117,29,0,0,0,56,1
224,1,1,22212.0,1,49,69,8,0,0,0,46,0
225,1,1,23661.0,1,46,23,5,0,0,0,39,0
226,2,0,79761.0,1,32,605,19,0,0,0,63,1
227,3,0,7500.0,1,54,57,11,0,0,0,48,0
228,1,0,60182.0,1,23,22,4,0,0,0,128,0
229,3,0,73455.0,0,98,2088,22,1,0,0,53,1
230,3,1,64961.0,1,97,1009,16,0,0,0,63,1
231,3,0,22804.0,1,75,26,5,0,0,0,50,0
232,3,1,73687.0,0,8,1627,22,2,0,1,31,2
233,3,1,61074.0,1,37,1102,31,0,0,0,63,1
234,2,1,31686.0,2,31,17,6,0,0,0,57,0
235,3,1,80134.0,1,40,1690,16,4,0,1,49,2
236,3,1,75027.0,1,74,1390,21,0,0,0,68,1
237,2,1,67546.0,0,90,2126,20,0,0,0,33,1
238,1,1,65176.0,1,57,1531,25,0,0,0,52,1
239,1,0,31160.0,1,59,64,7,0,0,0,46,0
240,3,0,29938.0,1,52,26,6,0,0,0,36,0
241,3,0,102692.0,0,5,1112,29,5,0,1,47,2
242,1,1,26490.0,0,92,210,11,0,0,0,63,0
243,3,1,75702.0,2,77,1148,26,0,0,0,54,1
244,2,0,30899.0,1,35,33,6,0,0,0,47,0
245,2,1,63342.0,1,48,1101,19,1,0,0,60,1
246,3,0,45989.0,1,97,322,16,0,0,0,57,0
247,3,0,18701.0,2,95,44,10,0,0,0,57,0
248,2,0,40737.0,3,24,17,4,0,0,0,64,0
249,3,0,15287.0,1,60,31,6,2,0,1,42,2
250,2,0,69674.0,2,46,845,25,0,0,0,53,1
251,1,1,44159.0,1,85,275,15,0,0,0,51,0
252,2,1,37717.0,1,31,25,4,0,0,0,43,0
253,1,1,43776.0,2,9,275,17,1,0,1,69,2
254,1,1,38179.0,2,30,90,11,0,0,0,55,0
255,3,1,80124.0,0,47,1495,19,1,0,0,58,1
256,2,1,38097.0,2,70,184,11,2,0,1,51,2
257,3,1,72940.0,0,13,981,13,0,0,0,51,1
258,3,1,22070.0,1,11,67,8,0,0,0,51,0
259,3,0,69267.0,0,31,1635,14,1,0,1,68,2
260,1,0,31788.0,1,15,60,10,0,1,0,38,3
261,2,1,61905.0,1,2,231,12,0,0,0,46,0
262,3,1,29315.0,2,55,48,10,0,0,0,61,0
263,3,0,33378.0,2,38,99,9,0,0,0,58,0
264,2,1,66313.0,1,86,770,23,0,0,0,58,1
265,3,0,60714.0,0,56,957,23,1,0,1,65,2
266,1,1,77882.0,0,29,818,12,0,0,0,40,1
267,2,0,69867.0,0,30,925,17,2,0,1,35,2
268,1,0,63841.0,1,64,908,22,0,0,0,53,1
269,0,1,24480.0,1,46,102,10,0,0,0,40,0
270,3,1,51369.0,1,84,576,16,0,0,0,45,1
271,3,1,37760.0,0,20,317,13,0,0,0,75,1
272,2,1,65640.0,1,74,461,15,0,0,0,47,1
273,1,1,44319.0,2,18,37,7,0,0,0,46,0
274,3,1,30631.0,1,75,70,7,0,0,0,47,0
275,3,1,75278.0,0,17,930,23,0,0,0,69,1
276,1,1,50898.0,2,88,859,33,0,0,0,65,1
277,3,0,79946.0,0,19,1478,22,0,0,0,55,1
278,1,0,35416.0,0,62,390,16,0,0,0,72,1
279,1,1,32414.0,0,11,52,5,1,0,0,37,0
280,3,1,38361.0,1,74,137,10,0,0,0,52,0
281,3,1,82497.0,0,32,1919,19,1,0,0,41,1
282,3,1,16626.0,2,76,68,9,0,0,0,50,0
283,3,1,29672.0,2,6,25,4,0,0,0,56,0
284,1,1,55951.0,1,62,1374,23,2,0,0,69,1
285,1,0,35388.0,1,20,32,5,0,0,0,33,0
286,1,1,42386.0,1,43,100,7,0,0,0,35,0
287,3,0,68627.0,0,45,825,12,0,0,0,39,1
288,2,0,57912.0,1,34,916,28,1,0,0,56,1
289,3,0,35246.0,2,53,62,11,0,0,0,63,0
290,1,1,58821.0,1,44,728,21,0,0,0,65,1
291,2,1,46377.0,1,89,90,7,0,0,0,43,0
292,3,0,39747.0,1,43,273,13,0,0,0,33,0
293,3,1,23976.0,1,68,66,10,0,0,0,37,0
294,1,1,80950.0,0,44,1213,23,1,0,0,60,1
295,3,0,27038.0,0,64,107,7,1,0,1,55,2
296,3,0,77457.0,0,85,1157,18,1,0,0,74,1
297,1,1,64100.0,1,93,546,18,1,0,0,57,1
298,1,1,42670.0,0,12,241,11,0,0,0,29,0
299,3,0,12571.0,1,86,53,11,0,0,0,45,0
300,3,1,22574.0,3,28,37,7,0,0,0,54,0
301,1,0,70893.0,0,42,1508,23,0,0,0,45,1
302,3,1,54198.0,2,13,235,16,0,0,0,55,0
303,1,1,28839.0,2,86,32,7,0,0,0,65,0
304,3,1,40321.0,2,59,102,8,0,0,0,49,0
305,3,0,66503.0,1,30,401,15,0,0,0,36,0
306,3,1,30833.0,2,33,28,6,0,0,0,70,0
307,3,1,64795.0,1,23,680,21,0,0,0,50,1
308,3,1,34421.0,1,81,30,4,0,0,0,47,0
309,2,0,47025.0,2,6,20,4,0,0,0,56,0
310,2,0,64325.0,1,41,1307,23,0,0,0,60,1
311,3,0,40464.0,1,78,630,24,0,0,0,68,1
312,3,1,62187.0,0,49,1283,18,0,0,0,64,1
313,2,0,14849.0,1,39,65,9,0,0,0,45,0
314,3,1,27255.0,1,3,37,5,0,0,0,37,0
315,2,1,54432.0,3,37,38,5,0,0,0,71,0
316,2,0,29999.0,1,22,160,12,0,0,0,35,0
317,3,0,24072.0,1,79,23,4,0,0,0,38,0
318,2,0,33996.0,0,46,71,6,0,0,0,32,0
319,2,1,66334.0,1,82,1161,19,1,0,1,65,2
320,1,1,35178.0,1,10,59,5,2,0,1,50,2
321,3,1,22010.0,1,51,33,7,0,0,0,38,0
322,3,0,62204.0,2,38,946,22,0,0,0,61,1
323,3,0,75693.0,0,10,1442,22,4,0,1,53,2
324,3,1,30675.0,1,14,62,5,0,0,0,49,0
325,3,1,83003.0,0,18,1674,22,2,0,1,56,2
326,2,1,83532.0,0,36,1853,15,1,0,0,122,1
327,3,0,68655.0,0,95,1538,21,0,0,0,33,1
328,3,0,41411.0,0,11,139,8,0,0,0,35,0
329,2,1,55212.0,1,65,1182,20,2,0,0,52,1
330,2,1,59292.0,1,71,507,18,0,0,0,71,1
331,0,1,27190.0,1,13,18,4,2,0,1,48,2
332,3,0,82623.0,0,58,940,16,0,0,0,69,1
333,3,1,44300.0,2,65,42,6,0,0,0,56,0
334,3,0,84835.0,0,0,1190,15,1,0,1,51,2
335,3,0,30372.0,2,33,44,8,0,0,0,50,0
336,1,1,33181.0,1,90,16,4,1,0,0,45,0
337,3,1,71113.0,1,95,835,26,0,0,0,64,1
338,3,1,71952.0,1,93,1443,22,2,0,0,35,1
339,2,0,69759.0,0,38,1029,18,1,0,1,55,2
340,3,1,72099.0,0,18,1188,18,0,0,0,47,1
341,2,0,60000.0,1,57,1277,24,0,0,0,45,1
342,3,0,38643.0,2,45,49,7,0,1,0,43,3
343,3,1,50737.0,1,61,99,7,1,0,0,66,0
344,2,1,68462.0,0,6,1670,15,0,0,0,52,1
345,1,1,65073.0,0,65,900,14,0,1,0,78,3
346,2,1,46681.0,2,52,425,16,0,0,0,73,0
347,3,1,78618.0,0,87,2153,22,1,0,0,64,1
348,2,0,62187.0,1,38,636,21,0,0,0,52,1
349,3,1,28442.0,2,53,57,10,0,0,0,43,0
350,2,1,37717.0,1,31,25,4,0,0,0,43,0
351,3,1,51479.0,2,67,494,22,0,0,0,54,1
352,3,0,54803.0,1,65,693,19,0,0,0,52,1
353,3,1,79530.0,0,64,1348,26,0,0,0,61,1
354,3,0,31615.0,1,82,51,7,0,0,0,45,0
355,3,1,72025.0,0,27,1932,16,0,0,0,59,1
356,2,0,52614.0,1,63,990,16,0,0,0,46,1
357,1,1,35684.0,1,66,30,5,0,0,0,37,0
358,3,1,48178.0,2,69,254,16,0,0,0,46,0
359,1,0,29548.0,1,52,29,5,1,0,0,51,0
360,3,0,63810.0,1,45,1371,23,1,0,0,55,1
361,2,0,38578.0,2,2,73,9,1,0,1,49,2
362,1,0,46098.0,2,86,120,11,0,0,0,46,0
363,3,0,22585.0,0,23,81,5,2,0,1,51,2
364,3,0,30279.0,1,13,37,5,0,0,0,32,0
365,2,1,66426.0,1,14,1377,20,0,0,0,60,1
366,3,0,30822.0,1,92,51,5,0,0,0,52,0
367,2,1,33581.0,2,38,17,4,0,0,0,52,0
368,3,1,19986.0,1,74,22,4,0,0,0,36,0
369,3,0,27421.0,0,14,324,14,0,0,0,67,0
370,1,1,35688.0,3,94,211,16,0,0,0,48,0
371,1,0,36143.0,1,33,19,4,0,0,0,40,0
372,3,0,10245.0,1,32,41,8,0,0,0,50,0
373,1,1,43795.0,1,11,492,17,2,0,1,53,2
374,3,1,63381.0,1,78,1005,26,0,0,0,61,1
375,3,1,38823.0,1,56,114,7,0,0,0,72,0
376,2,0,83664.0,2,57,1173,19,0,0,0,53,1
377,3,1,90300.0,0,7,1738,19,1,0,0,42,1
378,1,1,62499.0,1,0,222,12,0,0,0,42,0
379,3,0,74293.0,0,66,1127,16,0,0,0,28,1
380,2,1,51012.0,0,86,209,10,0,0,0,75,0
381,1,1,70777.0,1,80,787,23,0,0,0,53,1
382,2,1,68682.0,0,56,1598,24,0,0,0,30,1
383,3,1,43824.0,2,18,186,12,0,0,0,50,0
384,3,1,15345.0,1,51,47,6,1,0,1,37,0
385,3,0,23442.0,1,71,27,5,0,0,0,34,0
386,1,1,14515.0,1,71,96,11,1,0,1,41,0
387,1,0,31395.0,2,80,64,10,0,0,0,65,0
388,3,1,75276.0,0,2,1040,23,0,0,0,56,1
389,3,0,42373.0,2,83,163,13,0,0,0,47,0
390,3,1,30507.0,0,29,343,11,0,0,0,61,0
391,2,0,55521.0,3,11,446,24,2,0,1,66,2
392,3,1,48006.0,2,55,41,5,0,0,0,56,0
393,2,0,27213.0,1,19,70,9,1,0,1,49,2
394,2,0,65808.0,2,1,272,14,0,0,0,50,0
395,2,1,30351.0,1,19,46,6,0,0,0,47,0
396,3,1,50437.0,2,28,490,19,0,0,0,58,0
397,1,0,23616.0,1,76,79,8,1,0,1,39,0
398,3,1,53858.0,1,50,915,17,0,0,0,45,1
399,2,1,66465.0,1,1,1485,35,1,0,0,66,1
400,3,0,46923.0,1,90,369,16,0,0,0,34,0
401,3,1,75072.0,1,83,1073,19,0,0,0,59,1
402,2,1,75865.0,0,73,1242,19,0,0,0,78,1
403,1,1,19789.0,1,24,78,9,1,0,0,46,0
404,3,1,80134.0,0,11,1378,21,4,0,0,27,2
405,3,0,91065.0,0,33,1474,26,3,0,1,40,2
406,1,1,49505.0,2,4,751,29,0,0,0,50,1
407,2,1,37401.0,1,14,48,7,0,0,0,48,0
408,3,1,30096.0,1,30,45,6,0,0,0,38,0
409,1,1,18492.0,1,75,10,4,0,0,0,39,0
410,1,1,82584.0,0,26,1435,16,3,0,1,47,2
411,2,1,93027.0,0,77,2119,22,1,0,0,80,1
412,3,1,48686.0,3,8,20,4,0,0,0,68,0
413,3,1,92910.0,0,42,1795,27,3,0,0,35,2
414,3,1,75433.0,1,28,1188,19,2,0,0,32,1
415,1,1,10404.0,1,52,43,7,0,0,0,32,0
416,3,1,61314.0,1,1,1008,24,0,0,0,53,1
417,2,0,84865.0,0,1,1688,16,5,0,1,60,2
418,3,1,42387.0,1,42,684,21,0,0,0,32,1
419,1,1,67309.0,2,76,1082,39,0,0,0,54,1
420,3,1,75236.0,1,27,1068,25,0,0,0,57,1
421,3,0,30015.0,1,28,57,7,0,0,0,51,0
422,1,1,50943.0,1,49,46,5,0,0,0,65,0
423,3,0,67272.0,1,12,733,23,0,0,0,55,1
424,1,0,51529.0,1,14,467,17,0,0,0,72,1
425,2,1,32011.0,1,89,122,10,0,0,0,50,0
426,1,1,7500.0,1,96,36,7,0,0,0,35,0
427,3,1,28691.0,1,56,34,5,0,0,0,32,0
428,2,1,56223.0,1,72,156,10,0,0,0,73,0
429,3,1,18100.0,0,14,14,4,0,0,0,75,0
430,3,0,30279.0,1,13,37,5,0,0,0,32,0
431,1,1,20130.0,0,99,34,5,0,0,0,47,0
432,3,0,23295.0,0,72,20,4,0,0,0,62,0
433,1,0,42618.0,1,92,192,11,0,0,0,49,0
434,3,0,81246.0,0,87,1379,17,2,0,0,57,1
435,3,1,24027.0,1,7,48,7,0,0,0,45,0
436,2,1,55707.0,1,91,428,16,0,0,0,68,1
437,3,0,57959.0,1,71,868,27,0,0,0,66,1
438,3,1,56796.0,1,24,1001,27,0,0,0,52,1
439,1,0,36230.0,1,17,59,7,0,0,0,50,0
440,1,1,70829.0,2,87,431,16,0,0,0,41,0
441,3,1,65991.0,1,21,971,27,0,0,0,45,1
442,3,1,38988.0,3,90,348,19,0,0,0,49,0
443,1,0,89572.0,0,44,2059,24,3,0,1,55,2
444,1,1,42207.0,1,71,265,14,2,0,1,37,2
445,3,1,50300.0,1,52,270,13,0,0,0,69,0
446,1,1,66664.0,0,78,1289,19,0,0,0,39,1
447,3,1,60597.0,1,2,893,16,2,0,1,57,2
448,3,0,70165.0,0,60,926,22,0,0,0,72,1
449,2,0,50520.0,1,25,135,9,0,0,0,63,0
450,3,1,80124.0,0,47,1495,19,1,0,0,58,1
451,3,1,33183.0,1,46,120,9,0,0,0,46,0
452,2,0,66582.0,0,83,1288,20,0,0,0,52,1
453,2,1,75261.0,0,17,1743,17,3,0,1,66,2
454,3,0,31880.0,1,13,15,4,0,0,0,51,0
455,3,1,53790.0,2,86,542,20,0,0,0,70,1
456,2,1,49269.0,1,92,890,25,0,0,0,50,1
457,3,1,61456.0,1,47,1388,33,0,0,0,46,1
458,3,1,37406.0,1,18,17,4,1,0,1,41,0
459,2,1,56937.0,1,81,906,30,2,0,1,40,2
460,3,1,38415.0,2,91,44,6,0,0,0,43,0
461,3,0,20518.0,1,58,25,5,0,0,0,33,0
462,3,1,62503.0,1,40,973,26,0,0,0,65,1
463,2,0,41644.0,2,67,31,6,0,0,0,49,0
464,1,1,55842.0,1,19,518,17,0,0,0,44,0
465,2,1,62010.0,1,93,530,19,0,0,0,49,1
466,3,1,41124.0,1,41,506,21,0,0,0,44,1
467,1,1,38961.0,1,60,70,6,0,0,0,48,0
468,1,0,37760.0,1,54,54,6,0,0,0,49,0
469,3,0,32233.0,1,26,296,12,2,0,1,47,2
470,3,1,43057.0,1,30,266,15,0,0,0,46,0
471,1,1,83151.0,0,93,747,19,0,0,0,61,1
472,2,0,78825.0,0,35,895,29,1,0,1,57,2
473,1,1,65104.0,1,4,1053,17,0,0,0,45,1
474,3,1,60093.0,1,92,735,21,0,0,0,47,1
475,3,1,14045.0,1,24,20,5,0,0,0,52,0
476,1,0,28457.0,0,96,205,10,0,0,0,69,0
477,2,1,78952.0,1,11,2092,21,0,0,0,63,1
478,3,0,46310.0,1,99,309,14,0,0,0,45,0
479,3,1,76005.0,0,72,1722,22,1,0,0,66,1
480,1,0,58308.0,1,77,900,15,0,0,0,57,1
481,2,0,55614.0,0,85,682,20,1,0,0,77,1
482,1,0,59432.0,1,88,663,22,0,0,0,59,1
483,3,0,55563.0,1,22,43,6,0,0,0,43,0
484,2,1,78642.0,1,83,1816,18,0,0,0,50,1
485,2,1,67911.0,1,63,976,27,0,0,0,72,1
486,3,1,65275.0,0,9,746,21,0,0,0,77,1
487,3,1,27203.0,2,92,64,6,0,0,0,71,0
488,1,1,48330.0,1,2,32,5,0,0,0,60,0
489,0,1,24279.0,0,6,263,9,0,0,0,31,0
490,2,1,64355.0,1,66,1445,21,0,0,0,36,1
491,1,1,50943.0,1,49,46,5,0,0,0,65,0
492,3,0,53653.0,0,29,1210,28,0,0,0,68,1
493,3,1,65665.0,1,77,945,24,0,0,0,45,1
494,3,0,81217.0,0,77,1157,22,0,0,0,32,1
495,3,1,34935.0,0,71,137,8,0,0,0,29,0
496,3,0,61250.0,1,49,730,25,0,0,0,62,1
497,2,1,39665.0,1,97,216,12,1,0,0,40,0
498,3,0,60152.0,1,6,943,23,0,0,0,42,1
499,3,1,48920.0,2,93,347,16,1,0,0,57,0
500,1,1,89120.0,0,78,1924,19,1,0,0,62,1
501,2,1,44124.0,1,62,397,17,0,0,0,75,1
502,1,0,81169.0,0,47,2089,22,0,0,0,46,1
503,3,1,36443.0,2,9,138,11,0,0,0,60,0
504,3,0,26095.0,1,77,42,5,0,0,0,31,0
505,3,1,71367.0,0,24,777,17,0,0,0,62,1
506,1,1,80184.0,0,19,1902,20,2,0,0,77,1
507,3,0,30630.0,2,67,52,7,0,0,0,56,0
508,1,0,73454.0,0,95,1651,13,1,0,0,34,1
509,3,1,42691.0,0,48,358,13,0,0,0,30,0
510,3,1,70503.0,0,73,1727,16,2,0,0,68,1
511,3,1,25545.0,1,35,210,10,1,0,1,34,2
512,3,1,32880.0,1,76,42,5,0,0,0,35,0
513,2,1,77863.0,0,20,1291,20,0,0,0,63,1
514,1,1,50353.0,0,72,442,15,0,0,0,44,0
515,3,0,61839.0,0,20,1895,17,0,0,0,57,1
516,2,1,49154.0,2,69,411,19,0,0,0,61,0
517,1,0,47682.0,1,80,521,19,0,0,0,46,0
518,3,0,72679.0,1,65,1168,17,0,0,0,52,1
519,1,1,57954.0,2,52,493,23,1,0,0,44,1
520,3,1,65316.0,2,65,260,12,0,0,0,59,0
521,3,0,28567.0,1,57,46,7,0,0,0,39,0
522,1,1,47352.0,1,70,319,16,0,0,0,70,0
523,3,1,44931.0,1,0,96,7,0,0,0,54,0
524,3,0,76982.0,0,19,1062,16,2,0,1,54,2
525,1,1,57247.0,1,50,232,12,0,0,0,69,0
526,1,0,22944.0,1,67,76,9,0,0,0,40,0
527,1,1,25315.0,1,46,54,9,0,0,0,44,0
528,3,0,43638.0,1,37,201,11,0,0,0,52,0
529,2,0,42710.0,1,38,406,14,0,0,0,37,0
530,2,1,84169.0,0,9,1919,20,3,0,1,39,2
531,3,1,54058.0,1,56,662,20,0,0,0,45,1
532,1,1,24683.0,1,98,41,8,0,0,0,31,0
533,3,0,85620.0,0,68,1600,14,1,0,1,57,2
534,3,1,47850.0,1,72,134,8,0,0,0,41,0
535,3,1,19514.0,2,47,69,10,2,0,1,53,2
536,1,1,27159.0,2,33,21,6,0,0,0,48,0
537,1,0,39548.0,2,87,54,7,0,0,0,58,0
538,3,0,21474.0,1,0,91,8,2,0,1,32,2
539,2,0,60504.0,1,73,526,18,0,0,0,50,1
540,3,1,22419.0,0,74,162,8,0,0,0,58,0
541,1,1,81698.0,0,4,1008,25,1,0,1,72,2
542,3,1,43462.0,2,50,240,16,0,0,0,69,0
543,2,0,54880.0,1,57,795,21,0,0,0,43,1
544,3,1,79908.0,0,30,1772,19,1,0,0,39,1
545,1,1,15315.0,0,27,64,8,0,0,0,51,0
546,3,1,87771.0,1,61,1957,20,5,0,1,62,2
547,3,1,33039.0,1,4,78,7,0,0,0,43,0
548,3,0,81741.0,0,75,1572,19,0,0,0,41,1
549,1,1,71499.0,1,12,795,26,0,0,0,50,1
550,1,1,62466.0,1,13,889,26,0,0,0,51,1
551,2,0,48799.0,1,9,331,15,0,0,0,58,0
552,2,1,52157.0,1,48,265,12,0,0,0,71,0
553,3,0,66565.0,1,80,1065,19,0,0,0,59,1
554,1,1,29298.0,2,60,11,4,0,0,0,70,0
555,3,0,47691.0,1,43,21,4,0,0,0,42,0
556,3,1,38200.0,2,19,17,4,0,0,0,51,0
557,3,1,44989.0,1,26,369,16,0,0,0,47,0
558,2,1,38443.0,2,58,38,6,0,0,0,53,0
559,1,0,38593.0,1,42,177,11,0,0,0,43,0
560,2,1,64413.0,1,27,279,12,0,0,0,51,0
561,1,1,36959.0,1,56,62,7,0,0,0,40,0
562,2,1,61996.0,1,27,1230,21,4,0,1,44,2
563,3,1,51287.0,2,10,182,11,0,0,0,53,0
564,3,1,13260.0,2,48,49,10,0,0,0,51,0
565,2,1,47472.0,2,39,75,8,0,0,0,55,0
566,1,1,54603.0,2,85,227,16,0,0,0,65,0
567,2,1,45207.0,2,64,215,15,1,0,0,47,0
568,3,1,40689.0,1,69,444,20,0,0,0,70,1
569,1,1,47821.0,2,54,47,5,0,0,0,54,0
570,1,1,27450.0,0,57,143,7,0,0,0,70,0
571,3,1,39453.0,1,64,55,7,0,0,0,38,0
572,1,1,26850.0,2,10,63,11,0,0,0,50,0
573,3,0,79800.0,0,65,1867,22,4,0,1,66,2
574,1,1,61794.0,1,74,611,20,0,0,0,60,1
575,3,1,53863.0,1,4,473,18,1,0,0,66,1
576,3,1,24221.0,0,94,55,6,0,0,0,62,0
577,2,0,39684.0,1,41,81,7,1,1,1,37,3
578,1,1,92163.0,0,25,2086,21,3,0,1,46,2
579,1,0,69882.0,0,94,1478,20,0,0,0,56,1
580,3,1,33178.0,1,9,49,5,0,0,0,44,0
581,2,1,59973.0,0,47,382,15,0,0,0,49,1
582,1,1,17459.0,1,12,69,9,1,0,1,46,2
583,3,0,23910.0,1,80,67,6,0,0,0,52,0
584,1,1,42169.0,2,20,30,6,0,0,0,52,0
585,1,1,26224.0,1,39,63,9,0,0,0,43,0
586,3,1,31089.0,1,57,79,10,0,0,0,40,0
587,3,0,30081.0,1,27,42,5,0,0,0,60,0
588,3,1,62807.0,1,83,819,23,0,0,0,61,1
589,3,0,72906.0,0,79,1151,17,0,0,0,66,1
590,2,1,61467.0,2,69,594,20,0,0,0,73,1
591,1,1,49618.0,2,77,129,11,0,0,0,55,0
592,1,0,21888.0,1,15,213,12,1,0,1,35,2
593,3,0,42429.0,1,99,67,7,0,0,0,48,0
594,3,0,26150.0,3,61,28,5,0,0,0,65,0
595,0,1,30801.0,1,23,45,6,0,0,0,46,0
596,3,1,81168.0,0,84,1193,18,1,0,0,56,1
597,1,0,26877.0,0,74,268,12,0,0,0,52,0
598,1,0,45006.0,0,90,266,12,0,0,0,77,0
599,0,1,18978.0,1,41,37,5,0,0,0,48,0
600,3,1,22574.0,3,28,37,7,0,0,0,54,0
601,2,0,48240.0,0,73,882,25,1,0,1,52,2
602,3,1,45837.0,2,88,373,18,0,0,0,47,0
603,1,0,35791.0,3,94,35,6,0,0,0,56,0
604,2,1,162397.0,2,31,107,1,0,0,0,45,0
605,3,0,54162.0,2,31,42,5,0,0,0,43,0
606,1,1,30522.0,1,6,326,17,0,0,0,61,0
607,2,1,54456.0,1,23,404,17,0,0,0,60,1
608,3,0,31632.0,0,92,95,6,0,0,0,50,0
609,3,0,72298.0,0,52,939,14,2,0,0,72,1
610,1,0,36975.0,1,50,33,5,0,0,0,43,0
611,1,1,72635.0,0,54,981,21,1,0,0,66,1
612,3,1,13624.0,1,93,36,7,0,0,0,45,0
613,3,0,84196.0,1,56,1237,20,0,0,0,46,1
614,3,1,70971.0,1,28,1825,34,1,0,1,61,2
615,2,0,34487.0,2,94,103,9,0,0,0,44,0
616,3,0,28769.0,1,76,191,12,0,0,0,44,0
617,2,1,69084.0,1,43,1586,25,0,0,0,51,1
618,2,1,65488.0,0,46,963,14,0,0,0,63,1
619,1,1,62466.0,1,13,889,26,0,0,0,51,1
620,1,0,32218.0,0,27,93,7,2,0,1,61,2
621,3,0,83917.0,0,12,1587,21,1,0,1,48,2
622,3,0,46102.0,3,3,16,4,0,0,0,59,0
623,3,0,84574.0,0,72,1375,32,0,0,0,69,1
624,3,1,56181.0,1,6,393,14,0,0,0,59,0
625,1,0,63120.0,1,53,1477,26,1,0,1,71,2
626,3,1,73691.0,1,58,1179,18,1,0,0,50,1
627,3,1,63381.0,1,78,1005,26,0,0,0,61,1
628,2,1,76140.0,0,57,1348,21,0,0,0,73,1
629,2,0,62859.0,1,37,1307,23,0,0,0,62,1
630,3,0,45906.0,1,20,486,15,1,0,0,57,0
631,1,1,77632.0,0,73,2252,13,3,0,1,74,2
632,2,1,46463.0,2,56,235,17,0,0,0,50,0
633,3,1,105471.0,0,36,1724,30,3,0,1,51,2
634,1,0,55282.0,1,9,235,11,0,0,0,51,0
635,1,1,78710.0,1,42,1092,28,0,0,0,44,1
636,3,1,66886.0,1,28,599,17,0,0,0,63,1
637,1,0,98777.0,0,23,2008,19,1,0,0,61,1
638,3,1,29103.0,1,38,48,6,0,0,0,36,0
639,3,1,67445.0,1,63,1174,32,0,0,0,47,1
640,2,1,50616.0,1,71,67,7,0,0,0,71,0
641,3,0,49431.0,1,9,365,15,0,0,0,66,0
642,3,0,153924.0,0,81,6,0,0,0,0,46,1
643,3,1,61278.0,1,87,165,10,0,0,0,68,0
644,1,1,26490.0,0,92,210,11,0,0,0,63,0
645,2,1,73059.0,1,36,1095,26,0,0,0,74,1
646,2,0,46734.0,3,86,223,12,1,0,0,55,0
647,3,1,56253.0,1,83,597,22,0,0,0,58,1
648,3,1,19986.0,1,74,22,4,0,0,0,36,0
649,3,0,58330.0,1,87,1064,24,0,0,0,46,1
650,0,1,25965.0,0,29,74,6,0,0,0,41,0
651,1,1,14661.0,0,88,26,5,0,0,0,65,0
652,3,1,18690.0,0,77,60,5,0,0,0,62,0
653,2,1,45068.0,1,25,20,4,0,0,0,47,0
654,0,0,21063.0,1,34,59,7,0,0,0,34,0
655,2,1,29187.0,1,43,34,5,0,0,0,53,0
656,1,1,54690.0,2,76,198,12,0,0,0,50,0
657,2,1,59304.0,1,81,1048,28,0,0,0,57,1
658,1,0,59247.0,2,87,574,21,0,0,0,59,1
659,3,0,66731.0,1,33,1029,17,0,0,0,51,1
660,3,1,77353.0,1,38,670,20,0,0,0,41,1
661,2,0,52614.0,1,63,990,16,0,0,0,46,1
662,3,1,26751.0,2,26,11,4,0,0,0,47,0
663,2,1,81300.0,1,17,1241,21,2,0,1,58,2
664,3,0,70337.0,0,75,576,17,0,0,0,42,1
665,1,1,36145.0,1,13,172,12,2,0,1,36,2
666,2,0,65295.0,0,19,664,20,0,0,0,41,1
667,3,0,68118.0,1,51,928,23,0,0,0,58,1
668,3,0,68743.0,0,81,2074,30,0,0,0,54,1
669,1,1,41039.0,0,32,467,15,0,0,0,39,0
670,3,1,38946.0,1,84,257,12,0,0,0,66,0
671,3,1,65777.0,0,87,1146,17,0,0,0,54,1
672,2,0,66476.0,1,99,689,20,0,0,0,45,1
673,2,0,86857.0,0,96,2114,22,1,0,1,49,2
674,2,1,160803.0,0,21,1717,44,0,0,0,39,1
675,2,1,77845.0,0,40,1346,21,2,0,0,32,1
676,2,1,69476.0,0,3,1044,15,0,0,0,52,1
677,2,0,50611.0,1,98,493,22,2,0,1,61,2
678,3,0,61209.0,0,73,957,13,0,0,0,51,1
679,1,1,42315.0,1,90,270,12,0,0,0,63,0
680,0,1,13084.0,0,29,29,5,0,0,0,69,0
681,1,0,47570.0,2,3,121,9,1,0,1,72,2
682,1,1,61923.0,2,94,126,8,0,0,0,60,0
683,3,0,34824.0,0,65,23,4,0,0,0,26,0
684,2,0,26518.0,2,33,57,8,1,0,1,72,2
685,3,0,45938.0,0,46,636,20,0,0,0,60,1
686,3,1,78468.0,0,29,1004,28,1,0,0,61,1
687,3,0,78901.0,1,99,734,20,0,0,0,48,1
688,3,1,71427.0,2,26,614,20,0,0,0,43,1
689,3,0,71022.0,1,30,1453,21,1,0,0,43,1
690,1,0,90247.0,0,27,1621,15,4,0,1,33,2
691,1,0,41335.0,1,24,187,12,0,0,0,53,0
692,3,1,71952.0,1,93,1443,22,2,0,0,35,1
693,2,0,35682.0,1,34,57,6,0,0,0,51,0
694,3,0,43185.0,1,88,637,20,0,0,0,70,1
695,2,1,66375.0,1,96,948,14,1,0,0,73,1
696,1,1,35178.0,1,10,59,5,2,0,1,50,2
697,3,1,25252.0,1,26,18,4,0,0,0,35,0
698,1,0,55250.0,1,49,903,26,0,0,0,56,1
699,3,0,33249.0,1,11,112,8,0,0,0,46,0
700,3,1,58398.0,0,44,596,20,0,0,0,68,1
701,3,1,50272.0,1,75,233,13,0,0,0,39,0
702,2,1,76618.0,0,64,1511,11,0,0,0,46,1
703,1,0,87305.0,0,19,1152,17,2,0,1,61,2
704,3,1,25851.0,1,45,48,7,0,0,0,43,0
705,3,0,58710.0,1,77,1185,31,0,0,0,51,1
706,3,0,45160.0,2,9,21,4,0,0,0,63,0
707,1,1,74806.0,1,1,965,16,0,0,0,56,1
708,3,1,59111.0,0,90,869,21,0,0,0,67,1
709,2,1,18988.0,1,43,16,6,0,0,0,37,0
710,3,1,72190.0,0,79,1947,16,0,0,0,56,1
711,3,1,7500.0,1,19,71,12,2,0,1,45,2
712,3,1,44794.0,1,99,65,6,0,0,0,55,0
713,3,1,80395.0,0,62,1380,24,1,0,0,66,1
714,1,0,75012.0,0,41,1027,23,0,0,0,45,1
715,1,1,56962.0,3,60,411,21,0,0,0,56,0
716,3,1,89891.0,0,17,836,26,1,0,0,30,1
717,2,0,35946.0,2,24,11,4,0,0,0,72,0
718,2,1,53593.0,2,60,480,23,0,0,0,68,1
719,3,1,66373.0,2,57,606,23,0,0,0,43,1
720,2,0,45072.0,3,74,284,16,0,0,0,73,0
721,3,0,89694.0,2,22,1472,14,3,0,0,48,2
722,3,1,72025.0,0,46,1677,26,4,0,1,72,2
723,3,1,67432.0,1,69,1335,19,0,0,0,48,1
724,1,1,70545.0,1,29,334,13,0,0,0,69,1
725,0,1,17487.0,1,37,18,4,0,0,0,32,0
726,3,1,62882.0,1,26,1338,20,0,0,0,52,1
727,2,0,64108.0,1,8,1099,30,0,0,0,68,1
728,1,1,34941.0,2,26,97,8,0,0,0,65,0
729,2,0,48767.0,3,79,63,9,0,0,0,71,0
730,1,1,38702.0,1,71,109,9,0,0,0,43,0
731,3,1,82224.0,0,83,902,21,1,0,0,57,1
732,3,1,83844.0,0,57,1574,20,1,0,0,69,1
733,1,1,17003.0,1,37,38,9,0,0,0,46,0
734,3,0,71163.0,0,30,960,24,0,0,0,26,1
735,3,0,33697.0,1,34,28,4,1,0,0,51,0
736,1,1,63564.0,0,0,1215,28,2,0,1,67,2
737,2,1,83443.0,0,89,1497,22,0,0,0,49,1
738,2,1,51518.0,1,92,449,17,0,0,0,63,1
739,3,0,58330.0,1,87,1064,24,0,0,0,46,1
740,3,1,80952.0,0,20,1757,25,4,0,1,52,2
741,3,1,75507.0,0,56,1440,21,0,0,0,42,1
742,1,1,63855.0,0,28,1006,24,0,0,0,43,1
743,2,1,62220.0,1,55,1226,23,1,0,1,49,2
744,3,1,58512.0,1,25,1171,20,0,0,0,57,1
745,1,1,40662.0,1,0,92,8,0,0,0,42,0
746,2,1,38829.0,1,86,99,8,0,0,0,62,0
747,1,1,35523.0,1,8,66,8,0,0,0,40,0
748,3,0,79146.0,2,33,564,19,0,0,0,54,1
749,1,1,78285.0,0,13,1427,21,0,0,0,33,1
750,2,0,31626.0,1,12,86,6,2,0,1,43,2
751,3,0,75127.0,0,92,833,19,0,0,0,69,1
752,3,1,48726.0,1,90,242,12,0,0,0,66,0
753,3,1,74985.0,0,8,1869,17,0,0,0,44,1
754,3,1,67430.0,0,6,1364,29,0,0,0,34,1
755,1,1,46891.0,1,91,183,8,0,0,0,56,0
756,1,1,62058.0,1,52,450,18,0,0,0,65,1
757,3,1,72063.0,1,3,758,21,0,0,0,42,1
758,2,1,78939.0,0,57,1507,20,0,0,0,70,1
759,3,0,42720.0,2,9,654,25,1,0,1,56,2
760,3,1,33622.0,2,22,81,9,0,0,0,49,0
761,2,1,6835.0,1,76,137,1,0,0,0,64,0
762,3,1,41452.0,2,86,16,4,0,0,0,68,0
763,2,0,40760.0,1,64,93,8,0,0,0,56,0
764,2,1,74250.0,0,90,1158,18,0,0,0,63,1
765,1,0,51124.0,2,79,43,6,0,0,0,66,0
766,3,0,72258.0,1,28,1525,22,0,0,0,50,1
767,2,0,71466.0,0,86,1230,19,0,0,0,47,1
768,3,1,36283.0,2,42,29,6,0,0,0,45,0
769,3,0,20587.0,1,39,25,5,0,0,0,51,0
770,3,1,30467.0,1,8,24,4,0,0,0,49,0
771,3,1,31590.0,1,40,38,5,0,0,0,49,0
772,0,1,20425.0,1,5,57,7,0,0,0,35,0
773,1,1,17144.0,2,96,47,12,0,0,0,61,0
774,2,0,42564.0,1,28,813,24,2,0,1,53,2
775,1,1,43783.0,1,22,629,22,1,0,0,43,1
776,3,0,40780.0,1,30,377,17,0,0,0,45,0
777,1,1,62847.0,0,45,1612,14,0,0,0,76,1
778,2,1,82017.0,0,58,729,17,4,0,1,64,2
779,3,0,16813.0,0,49,50,6,1,0,0,71,0
780,3,1,51267.0,2,37,270,15,0,0,0,43,0
781,3,0,46524.0,1,70,177,9,0,0,0,60,0
782,1,0,45183.0,0,33,315,13,1,0,0,59,0
783,2,1,70421.0,1,98,767,23,0,0,0,67,1
784,1,0,60161.0,1,17,1071,26,0,0,0,56,1
785,3,1,73926.0,0,54,1580,24,0,0,0,48,1
786,3,1,19329.0,1,39,60,10,0,0,0,53,0
787,1,1,61872.0,1,81,573,21,0,0,0,51,1
788,3,0,46984.0,2,71,41,5,0,0,0,65,0
789,3,1,34838.0,2,62,170,10,0,0,0,70,0
790,2,0,82716.0,0,8,1167,28,0,0,0,77,1
791,3,1,48192.0,0,76,1526,25,4,0,1,63,2
792,1,1,49681.0,2,66,458,21,0,0,0,45,0
793,1,1,56850.0,1,83,63,6,0,0,0,50,0
794,3,1,55267.0,1,28,405,17,0,0,0,64,1
795,3,1,59666.0,2,87,1027,20,1,0,0,49,1
796,3,0,72504.0,1,43,1478,22,0,0,0,49,1
797,3,1,26872.0,0,0,72,5,0,0,0,40,0
798,3,0,21359.0,1,1,48,7,1,0,1,49,2
799,3,0,73170.0,0,1,726,16,0,0,0,46,1
800,1,1,52750.0,1,72,860,27,0,0,0,66,1
801,2,1,91820.0,0,72,1497,22,0,0,0,35,1
802,2,1,65968.0,1,12,495,18,0,0,0,51,1
803,3,1,30772.0,2,89,20,4,0,0,0,45,0
804,3,0,22507.0,0,67,570,19,0,0,0,67,1
805,3,1,65685.0,1,54,769,21,0,0,0,49,1
806,1,1,25804.0,1,34,55,7,0,0,0,43,0
807,2,0,76412.0,0,15,1808,18,3,0,1,41,2
808,3,1,22063.0,1,43,55,7,0,0,0,49,0
809,3,0,57091.0,0,0,577,18,2,0,1,60,2
810,3,1,22419.0,0,74,162,8,0,0,0,58,0
811,3,1,87771.0,1,61,1957,20,5,0,1,62,2
812,1,0,78353.0,1,51,1576,24,0,0,0,62,1
813,3,1,93404.0,3,97,1616,17,2,0,0,67,1
814,3,0,37859.0,3,75,36,6,0,0,0,59,0
815,2,0,80995.0,1,83,1482,22,0,0,0,63,1
816,3,1,16529.0,1,23,22,5,0,0,0,37,0
817,2,0,55412.0,2,65,63,6,0,0,0,45,0
818,3,0,48789.0,0,94,680,18,0,0,0,29,1
819,2,1,56575.0,2,42,542,20,0,0,0,54,1
820,1,1,25130.0,1,10,50,7,0,0,0,41,0
821,3,1,35441.0,2,94,39,6,0,0,0,54,0
822,3,1,71391.0,1,50,1043,28,0,0,0,65,1
823,1,0,49494.0,1,46,385,14,0,0,0,49,0
824,3,0,81702.0,0,98,1633,27,0,0,0,41,1
825,1,0,45889.0,1,42,46,5,0,0,0,41,0
826,3,0,56628.0,1,30,761,20,1,0,0,44,1
827,3,1,34026.0,2,11,76,9,0,0,0,71,0
828,3,1,40049.0,1,61,290,14,0,0,0,47,0
829,3,0,34176.0,1,12,89,11,0,0,0,33,0
830,3,1,19419.0,1,76,70,11,0,0,0,40,0
831,1,1,82504.0,0,2,1066,17,0,0,0,61,1
832,3,1,81205.0,0,43,2009,19,4,0,1,51,2
833,1,0,61618.0,0,27,1345,19,0,0,0,30,1
834,1,0,55284.0,1,60,764,23,0,0,0,65,1
835,3,0,49980.0,1,79,195,11,0,0,0,58,0
836,3,1,15072.0,2,96,53,11,0,0,0,41,0
837,3,0,49166.0,1,17,368,13,0,0,0,47,0
838,2,1,65324.0,1,0,544,20,0,0,0,67,1
839,1,1,82347.0,0,38,1853,25,2,0,0,64,1
840,2,1,30843.0,2,43,35,6,1,0,0,55,0
841,2,1,46374.0,1,1,446,18,3,0,1,47,2
842,3,0,60474.0,1,25,1180,31,0,0,0,42,1
843,1,1,38576.0,1,2,41,5,0,0,0,48,0
844,3,1,55357.0,2,66,727,22,0,0,0,36,1
845,3,1,37758.0,2,49,40,6,0,0,0,55,0
846,1,1,85710.0,0,5,1062,26,1,0,0,32,1
847,3,1,23228.0,1,71,40,7,0,0,0,52,0
848,1,1,44602.0,2,35,292,17,0,0,0,52,0
849,3,1,7500.0,0,94,15,4,0,0,0,34,0
850,1,1,38683.0,1,80,341,17,0,0,0,32,0
851,1,0,49514.0,1,61,369,13,0,0,0,46,0
852,2,1,57906.0,1,29,401,17,0,0,0,48,0
853,1,0,43456.0,1,0,393,17,0,0,0,55,0
854,1,0,19485.0,2,80,10,4,0,0,0,35,0
855,3,1,53172.0,1,54,486,16,0,0,0,43,0
856,3,1,30545.0,1,71,69,7,0,0,0,42,0
857,2,1,70123.0,0,27,1727,17,2,0,0,38,1
858,3,0,62450.0,1,61,995,16,1,0,0,62,1
859,3,1,21675.0,1,55,45,10,0,0,0,45,0
860,1,0,42395.0,2,35,182,12,0,0,0,40,0
861,1,1,61346.0,1,34,989,23,0,0,0,43,1
862,3,1,80812.0,0,95,1677,18,3,0,0,68,1
863,1,0,42835.0,2,64,595,23,0,0,0,50,0
864,3,1,39922.0,1,30,156,9,0,0,0,38,0
865,1,0,86424.0,0,12,1226,28,0,0,0,65,1
866,1,1,17117.0,1,96,128,11,0,0,0,43,0
867,3,0,24762.0,1,16,86,9,2,0,1,49,2
868,3,1,35797.0,1,16,68,7,0,0,0,46,0
869,3,0,36627.0,2,78,16,4,0,0,0,46,0
870,1,1,51111.0,2,83,55,7,0,0,0,40,0
871,2,0,86857.0,0,96,2114,22,1,0,1,49,2
872,2,1,82072.0,0,67,2018,19,0,0,0,51,1
873,2,0,46231.0,3,87,263,15,0,0,0,68,0
874,3,1,42243.0,2,34,55,7,0,0,0,62,0
875,3,1,51195.0,2,46,564,24,0,0,0,59,1
876,1,0,68092.0,0,7,1281,20,0,0,0,43,1
877,3,1,31814.0,1,73,83,7,1,0,0,48,0
878,1,0,51390.0,2,54,353,18,0,0,0,56,0
879,3,1,76630.0,0,93,1003,25,0,0,0,38,1
880,0,0,26868.0,1,52,14,4,0,0,0,30,0
881,2,0,48948.0,0,53,902,24,2,0,1,78,2
882,2,0,55260.0,1,81,1139,25,0,0,0,49,1
883,3,1,64090.0,1,8,797,20,1,0,1,65,2
884,3,0,78331.0,1,97,1638,25,0,0,0,63,1
885,2,1,37087.0,1,50,401,17,0,0,0,47,0
886,3,0,21846.0,1,38,84,11,0,0,0,35,0
887,3,1,81320.0,0,61,928,18,0,0,0,63,1
888,3,0,54137.0,1,46,203,11,0,0,0,51,0
889,3,1,66825.0,0,73,858,16,0,0,0,54,1
890,3,1,57100.0,0,19,409,13,0,0,0,48,1
891,3,1,58917.0,3,10,282,16,0,0,0,52,0
892,3,0,85072.0,0,94,1423,18,0,0,0,44,1
893,3,0,86429.0,0,10,1449,18,2,0,1,60,2
894,3,0,45684.0,1,37,28,4,0,0,0,50,0
895,3,1,47889.0,1,94,67,6,0,0,0,47,0
896,2,1,45921.0,0,23,199,10,0,0,0,35,0
897,2,0,78420.0,0,75,1453,22,0,0,0,55,1
898,3,1,75114.0,0,40,1253,19,0,0,0,29,1
899,2,0,52278.0,1,24,1198,31,1,0,1,58,2
900,1,1,35641.0,1,11,178,10,1,0,1,49,2
901,3,0,95529.0,0,29,1990,18,2,0,1,27,2
902,3,1,62820.0,0,51,976,14,0,0,0,67,1
903,1,1,73113.0,0,86,1001,15,0,0,0,61,1
904,2,1,84169.0,0,9,1919,20,3,0,1,39,2
905,1,0,42607.0,1,30,350,14,0,0,0,67,0
906,2,0,74637.0,0,73,1650,25,1,0,0,67,1
907,2,1,46015.0,2,25,46,5,2,0,0,66,0
908,3,0,72354.0,0,67,1228,19,0,0,0,28,1
909,1,0,39858.0,1,67,95,7,1,0,1,52,2
910,2,1,34469.0,2,58,62,9,0,0,0,73,0
911,3,1,83033.0,1,82,1761,26,1,0,0,35,1
912,1,1,24401.0,0,98,467,16,0,0,0,42,0
913,3,1,77583.0,0,93,1149,19,1,0,0,43,1
914,1,0,74116.0,0,53,2052,19,1,0,0,39,1
915,3,0,74293.0,0,66,1127,16,0,0,0,28,1
916,2,1,68397.0,1,6,1416,21,0,0,0,45,1
917,2,1,79632.0,0,42,1113,20,0,0,0,47,1
918,3,0,46107.0,1,78,125,7,0,0,0,32,0
919,2,0,64950.0,1,29,966,25,1,0,0,70,1
920,0,1,25443.0,1,82,32,5,0,0,0,32,0
921,3,0,75127.0,0,92,833,19,0,0,0,69,1
922,2,1,32892.0,1,78,46,8,0,0,0,50,0
923,3,1,71796.0,0,54,960,17,0,0,0,50,1
924,2,1,67536.0,1,45,1829,30,1,0,0,51,1
925,3,0,55239.0,1,59,779,26,0,0,0,50,1
926,2,0,60554.0,1,8,811,23,0,0,0,46,1
927,1,0,64831.0,2,51,1120,22,0,0,0,69,1
928,2,1,56067.0,1,51,725,20,0,0,0,59,1
929,3,0,82025.0,0,76,1187,12,2,0,1,38,2
930,3,1,94384.0,0,62,2302,18,4,0,1,68,2
931,0,0,14906.0,0,86,66,9,0,0,0,35,0
932,2,1,51563.0,0,60,1250,19,2,0,0,34,1
933,1,1,57937.0,1,56,683,20,0,0,0,39,1
934,3,0,68274.0,2,83,305,13,0,0,0,42,0
935,3,1,39771.0,1,92,50,6,0,0,0,44,0
936,1,0,67893.0,1,31,995,16,0,0,0,46,1
937,2,1,27922.0,1,80,41,6,0,0,0,42,0
938,2,1,52190.0,2,39,77,9,1,0,0,45,0
939,1,0,44051.0,2,20,171,12,1,0,1,48,2
940,2,0,42767.0,2,53,131,7,0,0,0,50,0
941,1,1,46106.0,2,84,54,5,0,0,0,45,0
942,2,1,16927.0,2,50,53,12,0,0,0,45,0
943,3,1,59754.0,1,96,475,16,1,0,1,56,2
944,3,0,53700.0,1,94,694,22,0,0,0,69,1
945,3,1,59041.0,2,25,96,8,0,0,0,48,0
946,2,0,54237.0,1,48,361,16,0,0,0,64,0
947,3,0,70647.0,1,65,1079,26,0,0,0,54,1
948,2,0,52597.0,1,69,578,20,0,0,0,59,1
949,1,1,41021.0,1,12,64,7,1,0,1,52,2
950,2,1,40233.0,1,84,149,13,0,0,0,46,0
951,3,1,50183.0,2,47,231,17,0,0,0,41,0
952,3,1,54753.0,1,87,728,21,0,0,0,62,1
953,3,1,92955.0,0,35,1778,23,3,0,1,48,2
954,3,1,33471.0,1,47,93,10,0,0,0,48,0
955,2,1,34596.0,1,48,23,4,1,0,1,47,0
956,3,1,44010.0,1,46,662,24,0,0,0,41,1
957,3,1,84219.0,0,27,1198,18,0,0,0,33,1
958,2,1,40706.0,3,37,81,11,0,0,0,53,0
959,1,1,15716.0,1,8,92,10,0,1,0,33,3
960,1,0,59052.0,1,29,491,18,0,0,0,62,1
961,1,1,80573.0,0,85,1564,24,0,0,0,50,1
962,3,1,83715.0,0,2,926,24,0,0,0,59,1
963,1,1,82576.0,0,66,1910,19,1,0,0,62,1
964,1,1,56962.0,3,60,411,21,0,0,0,56,0
965,3,1,35704.0,2,54,94,9,0,0,0,69,0
966,3,1,53103.0,1,70,1085,28,1,0,0,67,1
967,1,0,46779.0,2,55,23,4,0,0,0,61,0
968,3,0,4861.0,0,20,6,0,0,0,0,56,0
969,1,0,33462.0,1,78,54,6,0,0,0,42,0
970,3,0,63693.0,1,63,1150,29,0,0,0,43,1
971,3,1,80763.0,0,17,1415,23,3,0,1,71,2
972,2,1,65352.0,1,43,405,16,0,0,0,47,1
973,2,1,82170.0,0,13,1908,19,0,0,0,43,1
974,3,1,75759.0,0,46,2486,26,4,0,1,52,2
975,1,0,79689.0,0,65,1315,27,0,0,0,45,1
976,2,0,35340.0,2,1,45,7,0,0,0,65,0
977,3,0,85683.0,0,6,1789,17,5,0,1,67,2
978,1,1,24884.0,1,32,19,4,0,0,0,49,0
979,1,1,42021.0,1,34,573,22,1,0,0,40,1
980,3,0,64449.0,1,70,805,24,0,0,0,32,1
981,3,0,64587.0,2,49,108,8,0,0,0,67,0
982,3,0,34824.0,0,65,23,4,0,0,0,26,0
983,3,1,75437.0,0,25,1493,23,1,0,0,43,1
984,3,1,26091.0,2,84,89,9,0,0,0,64,0
985,3,1,52845.0,1,7,936,25,1,0,0,48,1
986,3,0,46086.0,1,34,343,16,0,0,0,65,0
987,2,0,78028.0,1,38,528,20,3,0,1,65,2
988,2,0,95169.0,0,1,1901,12,3,0,1,34,2
989,1,1,56337.0,2,25,724,22,3,0,1,40,2
990,3,1,22434.0,1,25,58,7,0,0,0,34,0
991,2,1,36930.0,1,50,297,16,0,0,0,67,0
992,3,0,36130.0,1,46,488,21,2,0,1,67,2
993,1,1,65569.0,1,96,859,23,0,0,0,68,1
994,3,1,83844.0,0,57,1574,20,1,0,0,69,1
995,3,1,19514.0,2,47,69,10,1,0,0,53,0
996,2,0,36736.0,2,52,17,4,0,0,0,58,0
997,3,1,77568.0,1,30,2194,21,3,0,0,42,2
998,2,1,49187.0,1,63,116,8,0,0,0,45,0
999,3,0,30168.0,1,51,279,18,0,0,0,43,0
1000,1,1,34053.0,1,14,103,7,0,0,0,53,0
1001,1,1,38196.0,2,20,44,9,0,0,0,50,0
1002,1,1,59412.0,0,56,406,15,0,0,0,70,1
1003,1,1,70924.0,0,41,1363,20,1,0,0,56,1
1004,3,1,54165.0,0,72,236,11,0,0,0,52,0
1005,3,1,32300.0,1,1,39,5,0,0,0,48,0
1006,3,0,20180.0,0,27,137,8,0,0,0,45,0
1007,3,1,34961.0,1,77,79,10,0,0,0,48,0
1008,2,1,28440.0,1,87,63,6,0,0,0,47,0
1009,2,1,64504.0,3,81,1314,25,1,0,1,68,2
1010,1,1,33564.0,1,51,71,6,0,0,0,55,0
1011,3,1,17345.0,1,79,58,7,0,0,0,43,0
1012,2,1,56320.0,1,11,702,21,0,0,0,54,1
1013,3,0,28647.0,1,54,94,7,2,0,1,43,2
1014,0,0,15038.0,1,93,80,7,0,0,0,34,0
1015,2,0,32173.0,1,0,22,5,0,0,0,63,0
1016,1,1,68316.0,1,54,1211,32,0,0,0,57,1
1017,3,1,74538.0,0,21,1461,22,2,0,1,50,2
1018,3,0,91700.0,0,58,1968,20,1,0,1,50,2
1019,3,1,68695.0,0,3,1091,16,0,0,0,52,1
1020,1,1,31056.0,1,99,55,5,0,0,0,44,0
1021,3,1,79593.0,0,70,1366,19,1,0,0,48,1
1022,3,0,28071.0,0,65,313,13,0,0,0,41,0
1023,2,1,37334.0,2,44,62,11,0,0,0,63,0
1024,1,0,46423.0,2,6,92,9,0,0,0,49,0
1025,2,1,37126.0,1,9,72,6,2,0,1,50,2
1026,3,1,47703.0,1,95,655,21,0,0,0,68,1
1027,3,1,61180.0,1,70,704,18,1,0,0,62,1
1028,3,1,38998.0,2,92,54,8,0,1,0,67,3
1029,3,0,8028.0,0,62,178,16,0,0,0,30,0
1030,3,1,76081.0,0,85,1033,14,1,0,0,59,1
1031,3,1,34728.0,1,2,36,5,1,0,1,35,2
1032,1,0,33168.0,1,0,122,10,0,0,0,56,0
1033,1,1,33585.0,1,91,122,7,0,0,0,55,0
1034,2,1,77037.0,1,3,1123,27,0,0,0,61,1
1035,3,1,35196.0,1,68,497,18,1,0,1,37,2
1036,3,1,44529.0,1,98,691,25,1,0,0,55,1
1037,1,1,70924.0,0,41,1363,20,1,0,0,56,1
1038,2,1,28764.0,2,16,12,4,1,0,0,55,0
1039,2,1,69098.0,0,82,2440,25,0,0,0,72,1
1040,1,0,25959.0,2,1,56,7,1,0,1,51,2
1041,1,1,27100.0,1,64,37,5,0,0,0,38,0
1042,3,0,70596.0,0,68,968,21,0,0,0,36,1
1043,3,1,42557.0,1,98,270,15,0,0,0,47,0
1044,2,1,53312.0,0,32,278,12,0,0,0,70,1
1045,3,0,72228.0,0,87,1250,22,0,0,0,69,1
1046,3,1,67605.0,0,84,938,17,0,0,0,34,1
1047,1,1,62845.0,2,3,1178,28,1,0,0,72,1
1048,3,1,65196.0,2,34,1155,26,1,0,0,63,1
1049,2,0,42000.0,0,23,653,20,1,0,1,34,2
1050,2,0,35860.0,2,37,49,6,1,0,0,48,0
1051,2,1,65526.0,1,22,506,17,0,0,0,57,1
1052,3,1,16860.0,2,19,38,8,0,0,0,60,0
1053,3,0,83528.0,0,7,1650,23,3,0,1,29,2
1054,1,0,64176.0,1,52,1826,33,0,0,0,56,1
1055,3,0,22304.0,0,91,18,4,0,0,0,65,0
1056,3,1,67023.0,0,93,906,24,0,1,0,43,3
1057,2,1,32892.0,1,78,46,8,0,0,0,50,0
1058,3,1,70713.0,1,23,1477,25,0,0,0,55,1
1059,3,1,59925.0,1,83,766,23,0,0,0,66,1
1060,3,1,39722.0,1,92,47,7,0,0,0,68,0
1061,3,1,46610.0,0,4,467,14,0,0,0,63,1
1062,3,1,88347.0,0,32,2116,21,1,0,0,60,1
1063,2,1,87171.0,0,27,1298,25,2,0,0,40,1
1064,1,1,26907.0,2,10,22,6,0,0,0,45,0
1065,1,0,50014.0,1,9,396,15,0,0,0,53,0
1066,2,1,41014.0,1,65,20,4,0,0,0,43,0
1067,3,0,66294.0,0,68,967,13,0,0,0,56,1
1068,3,1,36715.0,1,16,357,19,1,0,1,50,2
1069,3,1,79456.0,0,12,1401,16,1,0,1,65,2
1070,3,1,40479.0,1,95,15,4,0,0,0,39,0
1071,1,0,75345.0,0,16,2087,20,2,0,1,51,2
1072,3,1,54233.0,1,46,981,26,0,0,0,44,1
1073,3,0,24163.0,2,3,17,6,0,0,0,51,0
1074,2,1,84460.0,0,80,523,22,5,0,1,63,2
1075,3,1,43776.0,1,77,23,4,0,0,0,38,0
1076,2,0,71691.0,0,0,1192,17,1,0,1,63,2
1077,2,1,85844.0,0,62,1958,20,1,0,0,48,1
1078,2,0,39190.0,1,91,133,9,0,0,0,47,0
1079,3,1,71367.0,0,24,777,17,0,0,0,62,1
1080,2,0,38578.0,2,2,73,9,0,0,0,49,0
1081,2,1,57236.0,2,22,121,10,0,0,0,56,0
1082,3,0,61825.0,1,56,424,15,0,0,0,42,0
1083,3,0,79803.0,1,54,868,13,0,0,0,63,1
1084,1,0,80910.0,0,71,756,15,0,0,0,35,1
1085,1,1,27590.0,1,38,12,4,0,0,0,39,0
1086,3,1,56775.0,1,62,937,25,0,0,0,42,1
1087,3,0,83829.0,0,78,1862,17,4,0,1,46,2
1088,1,1,54210.0,1,18,367,14,0,0,0,42,0
1089,3,1,38508.0,1,95,443,20,0,0,0,35,0
1090,3,1,53187.0,1,66,267,13,0,0,0,51,0
1091,3,1,30023.0,1,28,61,6,0,0,0,49,0
1092,2,0,76045.0,0,78,1323,21,1,0,0,61,1
1093,2,1,50870.0,1,13,63,6,0,0,0,69,0
1094,1,1,15315.0,0,27,64,8,0,0,0,51,0
1095,1,1,65463.0,1,17,562,19,1,0,0,47,1
1096,3,1,66480.0,2,71,312,19,0,0,0,56,1
1097,3,0,76773.0,0,79,1156,16,0,0,0,67,1
1098,1,0,81698.0,0,1,1104,16,2,0,1,38,2
1099,2,0,54466.0,2,78,16,4,0,0,0,48,0
1100,1,0,98777.0,0,23,2008,19,1,0,0,61,1
1101,2,0,16269.0,1,75,44,9,0,0,0,37,0
1102,3,1,71819.0,1,70,1574,14,2,0,0,50,1
1103,2,1,33569.0,1,10,63,5,2,0,1,38,2
1104,1,1,36262.0,0,24,426,12,2,0,1,38,2
1105,0,1,22634.0,0,47,96,6,0,0,0,55,0
1106,1,1,47025.0,1,98,635,23,0,0,0,43,1
1107,3,0,70566.0,1,4,757,22,0,0,0,53,1
1108,2,1,31605.0,1,15,125,9,0,0,0,42,0
1109,1,0,52034.0,2,67,332,16,0,0,0,48,0
1110,3,0,48526.0,1,32,135,8,0,0,0,42,0
1111,3,1,46734.0,1,40,330,14,0,0,0,67,0
1112,3,0,39552.0,2,54,384,20,1,0,1,59,2
1113,3,0,86358.0,2,78,1722,18,0,0,0,55,1
1114,3,1,46931.0,3,94,78,7,0,0,0,44,0
1115,0,0,16581.0,0,51,24,4,0,0,0,36,0
1116,1,0,63998.0,0,42,1168,25,1,0,1,69,2
1117,1,1,67381.0,1,67,957,17,1,0,0,70,1
1118,3,0,25930.0,2,87,15,4,0,0,0,54,0
1119,3,1,42693.0,1,29,57,5,0,0,0,43,0
1120,3,1,85606.0,1,89,1956,24,1,0,0,45,1
1121,3,0,72903.0,0,74,2013,21,4,0,1,36,2
1122,1,1,49669.0,1,97,326,14,0,0,0,47,0
1123,2,1,36778.0,2,63,77,9,0,0,0,53,0
1124,2,0,85696.0,0,88,1313,20,1,0,1,59,2
1125,1,0,10979.0,0,34,30,8,0,0,0,32,0
1126,3,1,49678.0,1,81,315,14,0,0,0,60,0
1127,1,1,56129.0,1,65,660,22,0,0,0,68,1
1128,3,1,37155.0,1,51,74,7,0,0,0,32,0
1129,1,0,21282.0,1,76,46,7,0,0,0,43,0
1130,2,0,33419.0,1,76,86,8,0,0,0,59,0
1131,3,0,63285.0,0,84,1103,25,0,0,0,76,1
1132,1,1,21255.0,1,56,61,11,0,0,0,47,0
1133,3,1,42162.0,1,31,145,9,2,0,1,40,2
1134,3,1,54450.0,2,0,684,31,0,0,0,65,1
1135,2,1,57744.0,1,91,411,16,0,0,0,67,1
1136,3,0,26576.0,1,40,27,4,2,0,1,35,2
1137,2,0,57513.0,0,59,1060,27,0,0,0,78,1
1138,3,1,68142.0,1,96,1459,24,0,0,0,57,1
1139,3,1,7500.0,1,61,18,4,0,0,0,42,0
1140,3,1,83145.0,0,14,1833,26,2,0,1,47,2
1141,1,1,54197.0,1,16,237,12,0,0,0,61,0
1142,2,0,23091.0,2,98,48,10,0,0,0,58,0
1143,3,1,46049.0,2,11,515,26,1,0,1,45,2
1144,3,1,56715.0,0,52,1020,15,0,0,0,47,1
1145,3,1,79410.0,0,19,1370,11,0,0,0,60,1
1146,3,1,57304.0,1,61,1026,25,0,0,0,70,1
1147,3,1,44375.0,1,73,301,12,0,0,0,56,0
1148,3,1,54450.0,2,0,684,31,0,0,0,65,1
1149,3,1,59594.0,1,74,499,17,1,0,0,56,1
1150,3,1,80685.0,0,55,1004,21,0,0,0,27,1
1151,2,1,40344.0,1,48,218,12,0,0,0,47,0
1152,3,1,62710.0,1,53,606,22,0,0,0,49,1
1153,1,1,48985.0,1,13,75,6,0,0,0,53,0
1154,3,1,35322.0,3,34,106,9,0,0,0,53,0
1155,3,1,77142.0,0,54,990,17,0,0,0,73,1
1156,3,0,81657.0,0,69,1097,16,0,0,0,52,1
1157,0,1,14421.0,0,81,16,4,1,0,0,25,0
1158,1,1,20130.0,0,99,34,5,0,0,0,47,0
1159,2,1,74214.0,0,3,1711,16,0,0,0,31,1
1160,1,1,66726.0,2,61,438,17,1,0,0,64,1
1161,0,1,23724.0,1,65,75,7,0,0,0,42,0
1162,1,1,47353.0,1,93,225,13,0,0,0,61,0
1163,1,1,33444.0,2,24,18,4,0,0,0,69,0
1164,3,1,54386.0,1,8,470,17,0,0,0,40,0
1165,3,0,28510.0,2,72,91,9,0,0,0,40,0
1166,1,0,90638.0,0,29,2525,18,1,0,0,30,1
1167,3,1,48070.0,1,33,504,19,0,1,0,71,3
1168,3,1,43140.0,1,68,235,11,0,0,0,64,0
1169,2,0,54959.0,1,55,1232,21,2,0,1,60,2
1170,0,0,15056.0,2,76,88,12,0,0,0,63,0
1171,3,0,26954.0,1,17,17,4,0,0,0,50,0
1172,3,0,22327.0,1,94,24,5,0,0,0,36,0
1173,3,1,44393.0,2,86,60,7,0,0,0,56,0
1174,2,0,62000.0,1,25,1020,26,1,0,0,69,1
1175,2,1,31497.0,1,22,155,10,0,0,0,59,0
1176,1,1,45894.0,2,15,51,5,0,0,0,47,0
1177,1,0,78579.0,0,35,1812,16,1,0,1,51,2
1178,1,0,67369.0,1,81,1461,25,3,0,1,52,2
1179,3,0,58401.0,1,55,96,6,0,0,0,61,0
1180,3,0,62307.0,1,94,160,9,0,0,0,69,0
1181,1,1,43641.0,2,50,139,10,0,0,0,52,0
1182,1,0,63841.0,1,64,908,22,0,0,0,53,1
1183,1,1,46891.0,1,91,183,8,0,0,0,56,0
1184,1,1,70091.0,1,11,1161,19,1,0,0,52,1
1185,2,1,78075.0,0,72,988,14,0,0,0,49,1
1186,1,0,59184.0,1,6,1072,27,0,0,0,60,1
1187,3,1,54809.0,2,0,174,12,0,0,0,44,0
1188,3,1,58113.0,1,66,758,22,0,1,0,62,3
1189,1,1,51412.0,1,42,195,11,0,0,0,63,0
1190,3,0,15287.0,1,60,31,6,2,0,1,42,2
1191,1,1,66636.0,0,64,1084,17,0,0,0,64,1
1192,1,1,50965.0,1,87,685,22,1,0,0,65,1
1193,2,1,84618.0,0,96,1672,26,1,0,0,56,1
1194,3,1,18351.0,0,1,43,6,0,0,0,31,0
1195,2,1,40451.0,2,54,49,5,1,0,0,64,0
1196,3,1,36317.0,1,53,133,9,0,0,0,56,0
1197,3,1,42213.0,1,96,363,15,1,0,0,64,0
1198,3,1,65748.0,1,58,545,18,0,1,0,66,3
1199,3,1,77044.0,1,12,1065,31,1,0,0,49,1
1200,3,1,74918.0,0,78,2047,21,1,0,0,52,1
1201,3,1,56721.0,2,64,296,15,0,0,0,49,0
1202,3,0,42160.0,2,26,140,11,1,0,1,46,2
1203,3,0,61559.0,1,8,530,17,0,0,0,56,1
1204,2,1,33629.0,2,49,152,13,0,0,0,58,0
1205,2,1,68682.0,0,56,1598,24,0,0,0,30,1
1206,3,0,34377.0,1,55,114,8,0,0,0,58,0
1207,0,0,8940.0,1,25,101,10,0,0,0,35,0
1208,3,1,26228.0,1,50,25,4,0,0,0,48,0
1209,1,0,77297.0,0,84,789,22,1,0,0,64,1
1210,3,1,40211.0,2,30,87,7,1,0,0,40,0
1211,2,0,33438.0,2,81,90,11,0,0,0,63,0
1212,2,1,75032.0,1,74,1215,20,0,0,0,62,1
1213,2,0,61284.0,0,76,811,22,1,0,0,66,1
1214,3,1,22518.0,1,36,61,7,2,0,1,35,2
1215,1,1,54730.0,1,64,405,18,0,0,0,46,0
1216,1,1,38452.0,2,62,72,9,0,0,0,66,0
1217,3,0,44421.0,2,53,189,14,0,0,0,50,0
1218,2,1,38197.0,1,86,40,5,0,0,0,35,0
1219,3,0,41986.0,1,15,63,10,0,0,0,43,0
1220,3,1,28427.0,1,67,52,7,0,0,0,38,0
1221,2,1,37395.0,1,47,39,5,0,0,0,45,0
1222,3,1,64722.0,1,47,805,25,0,0,0,50,1
1223,1,1,55249.0,1,81,130,8,0,0,0,65,0
1224,3,1,84906.0,0,98,1631,24,3,0,0,49,1
1225,3,1,28691.0,1,56,34,5,0,0,0,32,0
1226,3,0,44213.0,2,48,152,12,0,0,0,69,0
1227,0,0,25707.0,1,18,21,5,0,0,0,37,0
1228,2,1,59062.0,3,74,71,7,0,0,0,54,0
1229,3,0,76624.0,1,68,899,23,1,0,0,59,1
1230,1,1,66000.0,0,36,711,10,0,0,0,74,1
1231,2,1,27683.0,1,90,351,16,0,0,0,43,0
1232,3,0,1730.0,0,65,8,15,0,0,0,50,0
1233,0,0,7500.0,1,63,119,11,0,0,0,29,0
1234,3,1,40521.0,2,82,21,4,0,0,0,53,0
1235,2,1,20427.0,1,63,10,4,0,0,0,48,0
1236,3,1,65106.0,1,55,973,27,1,0,0,46,1
1237,2,1,69969.0,0,64,1536,13,3,0,1,56,2
1238,3,1,67433.0,2,51,992,28,1,0,0,69,1
1239,2,1,77766.0,1,97,1529,34,2,0,1,54,2
1240,3,1,74716.0,1,92,860,17,0,0,0,49,1
1241,3,0,68118.0,1,51,928,23,0,0,0,58,1
1242,2,1,55158.0,2,72,418,18,1,0,1,51,2
1243,1,1,62972.0,1,39,587,16,1,0,1,66,2
1244,3,1,74190.0,1,49,641,19,0,0,0,46,1
1245,3,1,39356.0,2,21,23,4,1,0,0,45,0
1246,3,1,76653.0,0,91,2279,23,2,0,0,52,1
1247,2,0,35860.0,2,37,49,6,1,0,0,48,0
1248,2,0,90687.0,0,98,1779,17,2,0,1,38,2
1249,1,1,73450.0,0,85,1804,27,2,0,0,39,1
1250,3,1,31454.0,2,40,48,8,0,0,0,61,0
1251,3,0,47139.0,2,2,83,7,1,0,1,69,2
1252,3,0,83829.0,0,78,1862,17,4,0,1,46,2
1253,2,1,53378.0,2,41,793,29,1,0,1,58,2
1254,3,1,19656.0,1,94,84,9,0,0,0,51,0
1255,2,1,45579.0,1,10,183,10,0,0,0,73,0
1256,1,0,85485.0,0,73,1383,19,0,0,0,63,1
1257,3,1,55956.0,0,22,999,16,1,0,0,77,1
1258,1,0,64191.0,1,30,825,24,0,0,0,58,1
1259,3,0,38808.0,1,21,246,14,2,0,1,49,2
1260,1,1,57183.0,2,51,610,25,0,0,0,55,1
1261,1,0,23748.0,1,97,76,9,0,0,0,53,0
1262,3,1,66303.0,1,56,1286,22,1,0,0,50,1
1263,1,1,37368.0,1,4,30,4,1,0,0,46,0
1264,3,1,40800.0,3,77,99,8,0,1,0,57,3
1265,3,0,71847.0,0,95,1192,22,1,0,0,43,1
1266,3,1,46149.0,1,36,362,18,0,0,0,46,0
1267,3,1,78687.0,0,13,2130,19,2,0,1,38,2
1268,1,0,49118.0,0,90,1229,28,3,0,1,50,2
1269,2,1,37633.0,2,49,38,6,0,0,0,64,0
1270,1,1,39767.0,0,18,485,17,0,0,0,70,1
1271,0,1,26997.0,0,89,434,13,0,0,0,70,0
1272,3,0,33986.0,1,43,44,5,0,0,0,51,0
1273,2,1,57091.0,1,82,496,18,2,0,1,49,2
1274,1,1,46831.0,2,84,78,7,0,0,0,52,0
1275,1,1,83151.0,0,80,2346,23,4,0,1,49,2
1276,3,1,52531.0,0,68,794,21,0,0,0,50,1
1277,3,1,15759.0,0,12,17,4,0,0,0,65,0
1278,3,0,22804.0,1,75,26,5,0,0,0,50,0
1279,1,1,43050.0,1,10,76,8,0,0,0,48,0
1280,2,0,42997.0,2,91,15,4,0,0,0,44,0
1281,2,0,48918.0,2,21,62,7,0,0,0,58,0
1282,1,1,60033.0,1,28,198,10,0,0,0,67,0
1283,2,1,34043.0,1,97,49,5,0,0,0,43,0
1284,3,1,57811.0,1,49,802,25,1,0,0,55,1
1285,3,1,78569.0,0,14,1736,15,2,0,1,75,2
1286,3,0,7500.0,2,5,57,10,0,0,0,43,0
1287,1,1,157733.0,1,37,59,2,0,0,0,50,1
1288,3,1,94384.0,0,62,2302,18,4,0,1,68,2
1289,1,1,23148.0,0,83,37,6,0,0,0,36,0
1290,3,0,44267.0,2,48,310,16,0,0,0,51,0
1291,3,1,71626.0,0,94,1305,19,1,0,0,42,1
1292,3,1,60894.0,1,61,832,26,0,0,0,55,1
1293,3,1,50200.0,2,70,401,19,0,0,0,45,0
1294,2,1,81051.0,0,43,1501,23,2,0,0,56,1
1295,3,1,65169.0,0,23,1189,28,5,0,1,39,2
1296,3,1,59868.0,1,37,1194,32,0,0,0,49,1
1297,2,1,65695.0,1,50,656,21,0,0,0,61,1
1298,1,0,64857.0,0,78,1540,23,0,0,0,65,1
1299,1,1,45143.0,1,74,311,15,0,0,0,56,0
1300,1,1,74805.0,1,14,820,26,0,0,0,66,1
1301,1,1,59060.0,1,77,274,14,0,0,0,32,0
1302,2,0,27238.0,2,39,57,9,0,0,0,59,0
1303,3,1,47009.0,1,89,448,17,0,0,0,56,1
1304,1,1,46094.0,2,62,44,5,0,0,0,48,0
1305,3,1,40321.0,2,59,102,8,0,0,0,49,0
1306,3,1,37235.0,1,68,61,5,0,0,0,37,0
1307,1,1,81843.0,0,13,1643,27,0,0,0,61,1
1308,1,1,46692.0,1,37,397,15,0,0,0,63,0
1309,3,1,77382.0,1,36,1121,26,1,0,0,53,1
1310,3,0,37774.0,2,28,473,16,2,1,1,44,3
1311,0,1,18393.0,1,2,50,8,0,0,0,47,0
1312,1,1,72828.0,1,17,1678,28,0,0,0,59,1
1313,3,1,24711.0,0,86,58,7,0,0,0,39,0
1314,2,1,45503.0,1,54,170,9,0,0,0,46,0
1315,1,0,6560.0,0,2,373,2,0,0,0,39,0
1316,2,1,71604.0,0,3,1196,17,2,0,1,76,2
1317,3,1,27244.0,1,84,101,8,0,0,0,42,0
1318,3,1,48752.0,2,8,316,17,1,0,1,52,2
1319,3,1,71434.0,1,4,1400,21,2,0,0,59,1
1320,3,0,90842.0,0,57,1424,27,0,0,0,73,1
1321,1,1,88097.0,1,24,844,20,4,0,1,43,2
1322,3,1,51948.0,1,51,311,13,0,0,0,46,0
1323,3,1,71853.0,0,29,1149,17,0,0,0,39,1
1324,1,1,35876.0,0,13,129,8,0,0,0,38,0
1325,3,0,40049.0,1,23,32,5,0,0,0,69,0
1326,3,0,39660.0,1,36,299,14,1,0,1,39,2
1327,3,1,50127.0,1,88,320,13,1,0,0,59,0
1328,1,1,43263.0,1,2,441,16,0,0,0,44,0
1329,1,1,62845.0,2,3,1178,28,2,0,1,72,2
1330,3,1,18929.0,0,15,85,6,0,0,0,31,0
1331,0,0,24367.0,1,58,24,4,0,0,0,39,0
1332,3,0,33249.0,1,11,112,8,0,0,0,46,0
1333,1,1,26887.0,1,27,30,5,0,0,0,62,0
1334,2,1,50150.0,0,32,410,16,0,0,0,38,1
1335,3,1,62061.0,1,12,800,24,1,0,0,45,1
1336,2,0,85696.0,0,88,1313,20,1,0,1,59,2
1337,2,1,76542.0,0,91,1483,23,0,0,0,65,1
1338,3,0,70515.0,0,12,1258,17,1,0,1,28,2
1339,3,1,18227.0,1,21,28,4,0,0,0,34,0
1340,3,1,69139.0,1,23,227,11,0,0,0,56,0
1341,3,1,69109.0,0,10,1555,20,2,0,1,39,2
1342,3,0,69627.0,1,35,861,23,0,0,0,59,1
1343,3,1,38136.0,1,69,103,8,1,0,0,43,0
1344,2,0,62159.0,0,68,634,19,0,0,0,75,1
1345,3,0,80695.0,0,85,1918,19,0,0,0,58,1
1346,1,0,33316.0,2,34,131,10,0,0,0,50,0
1347,3,1,58554.0,2,55,586,22,0,0,0,53,1
1348,0,1,17256.0,1,10,62,7,1,0,0,29,0
1349,3,0,53034.0,2,30,447,22,0,0,0,47,0
1350,1,1,52203.0,0,36,939,27,0,0,0,71,1
1351,1,0,59601.0,1,14,797,15,1,0,0,44,1
1352,1,0,75154.0,1,79,1143,16,1,0,1,63,2
1353,3,0,47025.0,1,52,415,17,0,0,0,45,0
1354,3,1,37971.0,1,97,30,5,0,0,0,48,0
1355,1,0,41335.0,1,24,187,12,0,0,0,53,0
1356,3,1,67267.0,1,0,251,11,0,0,0,63,0
1357,3,0,57338.0,1,96,237,12,0,0,0,46,0
1358,1,1,50523.0,2,89,91,8,0,0,0,61,0
1359,1,0,35791.0,3,94,35,6,0,0,0,56,0
1360,2,0,50611.0,1,98,493,22,1,0,0,61,1
1361,2,1,56242.0,1,72,971,28,0,0,0,52,1
1362,3,0,48904.0,1,1,371,17,0,0,0,61,0
1363,3,0,56243.0,3,26,396,20,0,0,0,46,0
1364,3,1,21355.0,1,5,68,7,2,0,1,36,2
1365,1,1,57420.0,1,22,322,15,1,0,0,50,0
1366,1,0,46390.0,1,56,222,10,0,0,0,66,0
1367,1,1,54342.0,2,74,177,12,0,0,0,65,0
1368,3,1,20895.0,1,24,45,6,0,0,0,48,0
1369,3,1,92344.0,0,9,1899,20,2,0,0,73,1
1370,1,1,26907.0,2,10,22,6,0,0,0,45,0
1371,3,1,44964.0,2,35,41,5,0,0,0,41,0
1372,3,1,75507.0,0,56,1440,21,0,0,0,42,1
1373,1,1,53761.0,2,7,325,17,0,0,0,49,0
1374,3,1,22682.0,1,51,95,10,0,0,0,48,0
1375,2,1,38887.0,1,17,42,5,0,0,0,49,0
1376,1,0,41658.0,2,30,72,6,0,0,0,46,0
1377,2,1,29791.0,1,21,20,7,0,0,0,49,0
1378,1,1,63915.0,2,2,789,23,0,0,0,65,1
1379,3,0,39996.0,2,85,15,4,0,0,0,47,0
1380,3,0,26759.0,1,65,59,8,0,0,0,49,0
1381,1,0,63841.0,1,64,908,22,0,0,0,53,1
1382,2,1,51039.0,2,11,417,14,0,0,0,52,0
1383,3,1,60544.0,2,92,289,15,0,0,0,60,0
1384,3,1,65685.0,1,54,769,21,0,0,0,49,1
1385,3,1,37716.0,1,4,188,10,0,0,0,68,0
1386,3,0,36864.0,1,53,354,14,1,0,1,64,2
1387,1,1,44511.0,1,39,727,26,0,0,0,51,1
1388,2,1,36947.0,2,49,146,11,0,0,0,54,0
1389,1,1,47352.0,1,70,319,16,0,0,0,70,0
1390,1,1,67087.0,1,40,794,22,0,0,0,68,1
1391,3,1,57045.0,1,40,454,18,0,0,0,71,1
1392,2,0,36957.0,2,43,152,11,1,0,1,68,2
1393,2,1,69389.0,1,17,797,22,0,0,0,44,1
1394,3,1,80134.0,1,40,1690,16,4,0,1,49,2
1395,1,1,43142.0,2,84,20,4,0,0,0,52,0
1396,3,1,80589.0,0,25,1428,21,2,0,1,77,2
1397,3,0,34412.0,1,62,209,11,0,0,0,31,0
1398,3,0,57537.0,1,83,545,19,0,0,0,42,1
1399,0,1,22634.0,0,47,96,6,0,0,0,55,0
1400,3,1,51315.0,0,45,222,10,0,0,0,73,0
1401,3,1,36026.0,3,34,61,7,0,0,0,49,0
1402,3,1,24639.0,2,3,44,9,0,0,0,48,0
1403,2,1,34578.0,3,1,8,4,0,0,0,49,0
1404,1,0,65704.0,0,18,817,23,0,0,0,49,1
1405,3,0,63810.0,1,45,1371,23,1,0,0,55,1
1406,2,1,54132.0,1,81,42,5,0,0,0,52,0
1407,3,1,18690.0,0,77,60,5,0,0,0,62,0
1408,3,1,28164.0,1,23,78,9,0,0,0,51,0
1409,2,1,34596.0,1,48,23,4,0,0,0,47,0
1410,2,1,43269.0,1,61,19,4,0,0,0,49,0
1411,1,0,38741.0,2,60,61,7,0,0,0,63,0
1412,3,0,31907.0,0,75,449,14,0,0,0,49,0
1413,1,1,27100.0,1,64,37,5,0,0,0,38,0
1414,1,0,31163.0,1,54,38,5,0,0,0,48,0
1415,3,1,92533.0,0,84,1131,23,2,0,0,36,1
1416,3,0,34853.0,2,75,34,7,0,0,0,48,0
1417,3,0,70844.0,2,16,294,17,0,0,0,54,0
1418,1,1,31086.0,2,79,48,6,1,0,0,42,0
1419,3,1,60544.0,2,92,289,15,0,0,0,60,0
1420,1,1,20491.0,0,16,30,4,0,0,0,35,0
1421,3,1,42523.0,0,96,125,7,0,0,0,57,0
1422,3,1,39922.0,1,30,156,9,0,0,0,38,0
1423,3,1,33402.0,2,60,70,9,0,0,0,69,0
1424,1,1,36408.0,2,11,22,4,0,0,0,72,0
1425,3,1,21645.0,1,75,65,9,1,0,1,42,0
1426,1,0,78427.0,0,36,1930,23,2,0,1,73,2
1427,3,1,82657.0,0,71,2283,23,2,0,0,75,1
1428,3,1,51876.0,0,88,310,13,0,0,0,63,1
1429,1,1,78041.0,0,93,1319,18,0,0,0,50,1
1430,3,1,52852.0,1,93,879,26,1,0,0,64,1
1431,2,1,70038.0,0,54,1244,17,0,0,0,39,1
1432,1,1,69401.0,1,41,690,17,0,0,0,48,1
1433,3,1,46053.0,1,46,209,12,0,0,0,49,0
1434,3,1,77343.0,0,28,1134,17,0,0,0,56,1
1435,3,0,73892.0,0,40,1507,23,1,0,1,68,2
1436,2,0,40304.0,1,82,57,6,0,0,0,54,0
1437,2,1,32727.0,0,38,529,17,0,0,0,56,1
1438,3,1,68695.0,0,3,1091,16,0,0,0,52,1
1439,3,0,43300.0,1,87,180,11,1,0,1,50,2
1440,3,1,26290.0,2,49,77,10,0,0,0,49,0
1441,3,0,93790.0,0,16,2349,25,4,0,1,51,2
1442,2,1,38410.0,0,65,534,18,1,0,1,47,2
1443,1,0,64866.0,1,9,556,21,1,0,0,71,1
1444,3,1,57957.0,1,24,637,25,0,1,0,62,3
1445,2,1,46015.0,2,25,46,5,2,0,0,66,0
1446,3,1,16531.0,1,43,44,9,0,0,0,43,0
1447,1,1,28072.0,1,10,47,5,0,0,0,35,0
1448,1,0,49476.0,1,29,795,22,0,0,0,58,1
1449,3,1,50725.0,1,45,586,21,0,0,0,68,1
1450,3,1,83844.0,0,57,1574,20,1,0,0,69,1
1451,2,1,41145.0,2,20,13,4,0,0,0,71,0
1452,3,1,67419.0,1,29,1471,25,0,0,0,51,1
1453,1,1,23162.0,2,82,65,8,0,0,0,51,0
1454,3,1,34380.0,1,68,175,12,0,0,0,44,0
1455,3,0,34704.0,1,65,40,5,0,0,0,55,0
1456,2,1,94871.0,2,99,1078,18,3,0,1,52,2
1457,3,1,65148.0,1,9,1115,21,0,0,0,63,1
1458,3,1,39898.0,1,20,134,9,0,0,0,67,0
1459,1,0,64857.0,0,78,1540,23,0,0,0,65,1
1460,2,1,59892.0,1,26,87,7,0,0,0,51,0
1461,1,0,41020.0,0,68,217,10,0,0,0,34,0
1462,2,1,57072.0,1,79,1034,27,1,0,0,60,1
1463,3,0,60474.0,1,25,1180,31,0,0,0,42,1
1464,3,1,62807.0,1,83,819,23,0,0,0,61,1
1465,1,1,19414.0,1,32,32,5,0,0,0,40,0
1466,3,1,19107.0,1,49,46,6,0,0,0,41,0
1467,1,1,75484.0,1,50,1159,18,0,0,0,45,1
1468,1,0,70379.0,1,84,860,25,0,0,0,45,1
1469,1,1,79419.0,0,96,1631,15,0,0,0,51,1
1470,2,1,64014.0,3,56,444,22,1,0,0,75,1
1471,3,1,76998.0,1,85,1910,29,1,0,0,66,1
1472,1,1,49854.0,1,63,380,18,0,0,0,49,0
1473,2,1,60585.0,2,17,736,30,1,0,1,50,2
1474,2,0,42873.0,2,11,269,15,0,0,0,71,0
1475,3,1,87679.0,0,62,2524,29,4,0,1,33,2
1476,3,1,57867.0,1,48,612,25,0,0,0,43,1
1477,3,1,35765.0,1,86,75,8,0,0,0,31,0
1478,3,1,65492.0,0,73,1045,26,0,0,0,62,1
1479,3,0,32952.0,1,36,55,6,0,0,0,44,0
1480,2,1,53374.0,1,34,1064,21,2,0,1,52,2
1481,3,1,71706.0,1,16,1443,25,0,0,0,62,1
1482,3,1,68487.0,0,48,1366,30,0,0,0,33,1
1483,1,1,53253.0,2,61,436,19,0,0,0,46,0
1484,1,0,31163.0,1,54,38,5,0,0,0,48,0
1485,3,1,42014.0,1,56,436,20,1,0,1,44,2
1486,1,1,54108.0,2,74,747,32,0,0,0,48,1
1487,2,0,49667.0,0,35,1396,22,2,0,1,66,2
1488,1,1,63206.0,0,65,928,14,1,0,0,47,1
1489,1,1,57136.0,2,48,642,26,0,0,0,49,1
1490,1,1,46772.0,1,88,1048,30,1,0,0,46,1
1491,2,1,78931.0,0,19,943,24,0,0,0,50,1
1492,3,1,53977.0,1,21,907,27,0,0,0,63,1
1493,3,1,84219.0,0,27,1198,18,0,0,0,33,1
1494,1,0,46098.0,2,86,120,11,0,0,0,46,0
1495,3,1,73538.0,1,92,1658,26,0,0,0,56,1
1496,3,1,79529.0,0,1,1638,22,0,0,0,35,1
1497,1,1,20981.0,0,14,73,7,1,0,1,44,2
1498,3,0,51766.0,1,74,275,12,0,0,0,41,0
1499,3,1,55759.0,1,84,854,26,0,0,0,59,1
1500,3,1,33039.0,1,4,78,7,0,0,0,43,0
1501,1,1,37787.0,1,50,106,7,0,0,0,49,0
1502,3,0,27242.0,1,2,106,7,1,0,1,51,2
1503,2,0,87188.0,0,73,1923,19,1,0,1,38,2
1504,3,1,69930.0,0,21,1662,22,0,0,0,50,1
1505,3,0,37697.0,1,82,84,7,0,0,0,45,0
1506,2,1,37401.0,1,14,48,7,0,0,0,48,0
1507,3,0,3502.0,1,56,5,0,0,0,0,48,0
1508,3,1,58597.0,2,20,733,32,0,0,0,45,1
1509,2,0,82032.0,0,54,1234,17,0,0,0,73,1
1510,3,1,28087.0,2,77,112,9,0,0,0,63,0
1511,2,0,74004.0,0,5,1658,15,3,0,1,34,2
1512,3,1,19740.0,1,65,55,7,0,0,0,61,0
1513,1,1,57036.0,1,33,1513,26,1,0,0,46,1
1514,1,1,53083.0,2,65,271,17,1,0,0,63,0
1515,2,1,69283.0,1,41,904,27,0,0,0,46,1
1516,1,0,46098.0,2,86,120,11,1,0,1,46,0
1517,1,1,23331.0,1,92,103,8,0,0,0,33,0
1518,1,0,23331.0,1,97,269,17,0,0,0,33,0
1519,3,0,9255.0,1,91,22,5,0,0,0,32,0
1520,2,0,67786.0,0,0,1156,16,1,0,1,62,2
1521,2,1,71969.0,1,59,1086,19,1,0,0,50,1
1522,1,0,59235.0,1,4,1128,28,0,0,0,54,1
1523,3,1,31928.0,1,5,72,9,0,0,0,32,0
1524,1,1,74881.0,2,48,964,27,0,0,0,60,1
1525,3,1,65819.0,0,99,1383,20,0,0,0,43,1
1526,2,0,51411.0,3,81,18,4,0,0,0,68,0
1527,3,0,51983.0,1,95,793,24,0,0,0,57,1
1528,1,1,42386.0,1,43,100,7,0,0,0,35,0
1529,1,1,30390.0,0,5,80,6,0,0,0,34,0
1530,3,0,30983.0,0,50,167,8,1,0,1,58,2
1531,3,0,66033.0,1,76,677,20,0,0,0,64,1
1532,1,1,37284.0,2,46,23,4,0,0,0,46,0
1533,1,0,57530.0,1,68,92,7,0,0,0,70,0
1534,1,1,76800.0,0,33,641,16,0,0,0,56,1
1535,3,1,63943.0,1,50,1106,17,0,0,0,65,1
1536,3,1,76081.0,0,85,1033,14,1,0,0,59,1
1537,3,1,67445.0,1,63,1174,32,0,0,0,47,1
1538,1,1,37054.0,2,89,25,6,0,0,0,54,0
1539,1,1,47175.0,2,81,240,17,2,0,1,59,2
1540,3,0,31859.0,1,77,20,4,0,0,0,45,0
1541,3,0,27215.0,3,50,102,11,0,0,0,60,0
1542,2,0,70179.0,1,10,1034,26,0,0,0,45,1
1543,3,1,39922.0,1,30,156,9,0,0,0,38,0
1544,1,1,49681.0,2,66,458,21,0,0,0,45,0
1545,3,1,24645.0,1,16,17,4,0,0,0,33,0
1546,3,0,79865.0,1,12,792,21,0,0,0,67,1
1547,3,1,44322.0,1,30,92,8,0,0,0,36,0
1548,3,0,47958.0,1,8,407,16,0,0,0,69,1
1549,1,0,63972.0,1,93,1269,23,1,0,0,57,1
1550,3,1,75315.0,1,14,841,23,0,0,0,67,1
1551,2,1,55517.0,2,53,633,23,1,0,1,71,2
1552,2,1,75283.0,3,26,1019,25,0,0,0,64,1
1553,2,0,82800.0,0,23,1315,26,3,0,1,75,2
1554,3,1,38998.0,2,92,54,8,0,1,0,67,3
1555,1,0,90638.0,0,29,2525,18,2,0,1,30,2
1556,1,1,27161.0,1,41,52,5,0,0,0,35,0
1557,3,1,42014.0,1,56,436,20,1,0,1,44,2
1558,2,1,38201.0,1,19,268,15,0,0,0,61,0
1559,3,1,45203.0,2,4,147,8,1,0,1,39,2
1560,2,1,81574.0,0,89,1798,18,2,0,0,74,1
1561,3,1,34935.0,0,71,137,8,0,0,0,29,0
1562,1,0,60482.0,1,81,507,17,0,0,0,45,0
1563,3,1,34633.0,3,31,15,4,0,0,0,65,0
1564,1,1,78093.0,0,53,1105,17,0,0,0,74,1
1565,3,0,82460.0,0,78,974,15,0,0,0,71,1
1566,1,1,45903.0,1,80,66,8,0,0,0,55,0
1567,3,0,81361.0,0,18,778,27,1,0,1,34,2
1568,2,0,35860.0,2,37,49,6,2,0,1,48,2
1569,1,1,40442.0,2,52,169,12,1,0,1,69,2
1570,3,1,61482.0,0,39,299,12,0,0,0,56,1
1571,3,1,34968.0,1,11,221,17,0,0,0,41,0
1572,3,1,75794.0,0,33,1682,25,1,0,0,34,1
1573,2,1,31497.0,1,22,155,10,0,0,0,59,0
1574,3,1,74268.0,0,83,892,13,0,0,0,66,1
1575,0,1,13724.0,1,43,58,5,1,0,0,33,0
1576,1,1,45143.0,1,74,311,15,0,0,0,56,0
1577,2,0,52569.0,1,54,95,7,0,0,0,54,0
1578,2,0,48432.0,1,3,424,19,1,0,1,48,2
1579,1,1,17144.0,2,96,47,12,0,0,0,61,0
1580,3,0,36108.0,1,68,339,15,1,0,0,37,0
1581,3,1,76445.0,1,2,1410,21,0,0,0,50,1
1582,2,1,36663.0,1,40,35,6,0,0,0,46,0
1583,1,1,53843.0,1,64,562,20,0,0,0,56,1
1584,1,1,90226.0,0,26,2352,24,1,0,0,65,1
1585,1,0,70638.0,0,69,1334,20,1,0,0,66,1
1586,3,1,44512.0,2,57,32,6,0,0,0,61,0
1587,3,1,27116.0,2,78,41,7,0,0,0,60,0
1588,2,1,54072.0,2,71,39,5,0,0,0,58,0
1589,3,1,71855.0,1,59,1141,25,0,0,0,44,1
1590,1,0,51250.0,1,28,710,24,1,0,0,31,1
1591,1,1,60432.0,1,61,401,19,0,0,0,48,1
1592,2,1,65526.0,1,22,506,17,0,0,0,57,1
1593,3,0,68655.0,0,95,1538,21,0,0,0,33,1
1594,1,1,12393.0,0,38,57,6,0,0,0,43,0
1595,3,0,64509.0,0,19,1722,19,2,0,1,31,2
1596,3,0,33955.0,1,92,270,15,0,0,0,46,0
1597,3,1,31353.0,2,24,31,6,1,0,1,44,0
1598,3,1,55434.0,1,21,882,24,0,0,0,37,1
1599,3,1,28359.0,1,35,16,4,0,0,0,38,0
1600,3,0,57100.0,1,9,311,14,0,0,0,34,0
1601,3,1,69139.0,1,23,227,11,0,0,0,56,0
1602,1,1,52973.0,1,92,1152,31,0,0,0,65,1
1603,2,1,51717.0,1,55,122,8,1,0,0,56,0
1604,3,1,18793.0,1,14,77,9,0,0,0,50,0
1605,1,1,66664.0,0,78,1289,19,0,0,0,39,1
1606,3,0,50664.0,2,64,561,24,0,0,0,62,1
1607,3,1,54414.0,2,49,211,13,0,0,0,58,0
1608,2,1,54549.0,1,8,233,12,0,0,0,69,0
1609,2,0,47111.0,1,35,1092,21,0,0,0,50,1
1610,2,0,41003.0,0,11,601,17,0,0,0,58,1
1611,3,1,19444.0,1,8,54,10,1,0,1,39,2
1612,1,1,36301.0,1,53,78,7,0,0,0,45,0
1613,2,1,73059.0,1,36,1095,26,0,0,0,74,1
1614,2,1,42731.0,1,64,244,13,0,0,0,52,0
1615,2,1,52854.0,2,43,116,9,0,0,0,62,0
1616,3,1,22775.0,1,40,15,4,0,0,0,43,0
1617,2,1,46681.0,2,52,425,16,0,0,0,73,0
1618,2,1,59821.0,1,11,734,26,0,0,0,66,1
1619,3,0,50002.0,1,21,638,19,0,0,0,67,1
1620,3,1,69755.0,0,23,894,22,0,0,0,76,1
1621,3,1,44078.0,2,17,41,7,0,0,0,52,0
1622,1,1,30560.0,1,6,31,5,0,0,0,45,0
1623,1,1,35924.0,2,56,34,5,0,0,0,52,0
1624,2,0,64140.0,2,71,1750,18,4,0,1,57,2
1625,3,1,56386.0,2,51,612,25,0,0,0,40,1
1626,0,1,24594.0,1,94,29,5,0,0,0,42,0
1627,1,1,75774.0,1,27,823,21,0,0,0,40,1
1628,1,0,39228.0,0,1,20,4,0,0,0,61,0
1629,1,1,58494.0,1,56,396,16,0,0,0,47,0
1630,3,0,58684.0,0,71,813,21,1,0,0,40,1
1631,3,0,57136.0,0,18,1179,20,1,0,1,54,2
1632,2,0,56551.0,2,48,138,10,0,0,0,71,0
1633,3,1,22448.0,1,86,55,9,0,0,0,39,0
1634,3,0,82014.0,0,48,1511,22,1,0,1,60,2
1635,3,0,34213.0,2,2,117,9,1,0,1,58,2
1636,3,1,157146.0,0,13,1730,28,0,0,0,44,1
1637,2,0,25358.0,1,57,32,6,0,0,0,74,0
1638,1,0,35544.0,1,77,67,6,0,0,0,43,0
1639,1,1,36634.0,1,0,335,15,0,0,0,67,0
1640,2,1,62670.0,1,57,825,22,0,0,0,67,1
1641,1,1,50334.0,1,24,694,23,0,0,0,49,1
1642,3,0,72066.0,0,55,1792,17,3,0,1,40,2
1643,2,0,50729.0,2,62,496,24,0,0,0,63,1
1644,3,1,34916.0,2,89,231,13,0,0,0,53,0
1645,3,0,64892.0,1,77,902,24,0,0,0,45,1
1646,3,0,43602.0,2,45,68,9,0,0,0,55,0
1647,2,0,33996.0,0,46,71,6,0,0,0,32,0
1648,1,0,41473.0,1,80,76,6,0,0,0,36,0
1649,2,1,63246.0,2,60,772,22,0,0,0,54,1
1650,2,1,36732.0,2,71,47,9,0,0,0,62,0
1651,2,1,69084.0,1,43,1586,25,0,0,0,51,1
1652,2,1,77766.0,1,97,1529,34,2,0,1,54,2
1653,2,0,37929.0,0,49,265,13,3,0,1,36,2
1654,3,1,86610.0,0,66,1603,18,0,0,0,70,1
1655,1,1,80141.0,0,20,2091,22,2,0,1,35,2
1656,1,1,72635.0,0,54,981,21,1,0,0,66,1
1657,3,1,69016.0,1,61,1533,34,0,0,0,51,1
1658,1,1,20193.0,0,18,82,7,0,0,0,30,0
1659,3,1,27573.0,1,45,244,14,0,0,0,46,0
1660,0,0,15862.0,1,26,36,5,0,0,0,42,0
1661,2,1,49544.0,1,0,404,16,0,0,0,45,0
1662,3,1,33228.0,1,28,71,6,0,0,0,41,0
1663,3,1,70440.0,0,49,1572,23,1,0,0,43,1
1664,3,1,38232.0,2,84,122,11,0,0,0,50,0
1665,2,1,22554.0,2,38,41,10,0,0,0,66,0
1666,2,1,23536.0,1,53,10,4,0,0,0,38,0
1667,3,1,49413.0,1,88,304,13,0,0,0,69,0
1668,3,1,42231.0,2,99,37,5,0,0,0,52,0
1669,1,0,78789.0,0,12,1754,16,1,0,1,41,2
1670,3,1,56534.0,1,35,815,25,3,0,1,53,2
1671,3,0,58350.0,1,5,1001,27,0,0,0,50,1
1672,3,0,81217.0,0,77,1157,22,0,0,0,32,1
1673,3,0,49090.0,1,45,688,21,0,0,0,70,1
1674,1,0,61787.0,0,71,1319,19,0,0,0,34,1
1675,2,1,18169.0,1,40,21,4,0,0,0,36,0
1676,1,0,24336.0,1,82,31,4,0,0,0,40,0
1677,3,1,18222.0,0,70,67,6,0,0,0,31,0
1678,3,0,62335.0,1,87,708,21,0,0,0,69,1
1679,1,1,42033.0,2,95,25,4,0,0,0,50,0
1680,2,1,86580.0,0,72,746,11,1,0,0,38,1
1681,2,0,41437.0,2,5,32,5,0,0,0,64,0
1682,1,0,73705.0,2,86,1695,25,0,0,0,70,1
1683,3,1,61064.0,1,80,1080,28,0,0,0,45,1
1684,1,1,38452.0,2,62,72,9,0,0,0,66,0
1685,3,0,18358.0,1,49,57,10,0,0,0,32,0
1686,2,1,55012.0,1,85,660,25,0,0,0,48,1
1687,0,1,9722.0,1,7,103,11,1,0,1,48,2
1688,2,1,38175.0,1,6,153,11,0,0,0,37,0
1689,1,1,58656.0,1,25,1220,32,1,0,0,65,1
1690,3,1,52117.0,1,55,279,13,0,0,0,56,0
1691,3,1,64813.0,1,81,745,20,0,0,0,43,1
1692,2,1,54222.0,1,98,264,12,0,0,0,48,0
1693,3,1,83512.0,0,31,2157,22,5,0,1,35,2
1694,1,1,77520.0,1,30,1526,23,4,0,1,62,2
1695,3,1,41154.0,1,98,69,6,0,0,0,43,0
1696,3,1,80398.0,0,92,1597,26,1,0,0,55,1
1697,0,0,18746.0,1,41,64,8,0,0,0,29,0
1698,3,1,35196.0,1,68,497,18,0,0,0,37,0
1699,3,0,60230.0,1,78,1067,17,0,0,0,65,1
1700,3,1,22108.0,2,46,31,7,0,0,0,44,0
1701,3,1,44392.0,2,71,211,14,0,0,0,47,0
1702,2,1,55424.0,1,6,877,25,2,0,1,45,2
1703,3,1,17688.0,1,82,11,4,0,1,0,42,3
1704,2,1,92491.0,0,71,2034,25,4,0,1,38,2
1705,3,0,90273.0,0,32,1991,19,4,0,1,30,2
1706,2,0,82571.0,0,28,1686,24,1,0,0,59,1
1707,2,0,38513.0,1,20,324,17,1,0,1,39,2
1708,1,0,16653.0,1,10,69,9,1,0,1,42,2
1709,3,1,42586.0,2,7,252,16,1,0,1,66,2
1710,0,0,23529.0,1,67,54,5,0,0,0,56,0
1711,1,1,74881.0,2,48,964,27,0,0,0,60,1
1712,3,1,71107.0,1,61,1327,28,0,0,0,70,1
1713,2,1,46910.0,2,36,68,7,0,0,0,57,0
1714,3,1,18690.0,0,77,60,5,0,0,0,62,0
1715,3,0,37244.0,2,90,55,5,1,0,0,66,0
1716,3,1,82427.0,0,35,1456,21,1,0,0,55,1
1717,1,0,75342.0,1,38,563,18,0,0,0,63,1
1718,3,0,70044.0,1,46,1504,26,0,0,0,67,1
1719,3,0,79146.0,2,33,564,19,0,0,0,54,1
1720,3,1,77437.0,0,70,1125,23,1,0,0,58,1
1721,3,1,54984.0,1,51,358,17,1,0,0,62,1
1722,2,1,42403.0,1,18,42,5,0,0,0,50,0
1723,3,1,55761.0,1,97,184,10,1,0,0,57,0
1724,3,1,37292.0,1,32,460,19,0,0,0,38,0
1725,2,0,45576.0,0,9,145,8,1,0,1,76,2
1726,3,1,70321.0,0,6,1376,25,1,0,1,74,2
1727,2,0,58086.0,1,80,792,23,0,0,0,52,1
1728,3,1,81795.0,0,74,1382,23,0,0,0,69,1
1729,0,1,28389.0,0,49,28,4,0,0,0,74,0
1730,1,1,66835.0,0,21,1033,24,0,0,0,75,1
1731,3,0,69901.0,1,95,882,23,0,0,0,52,1
1732,2,1,80360.0,0,56,2231,15,3,0,0,72,2
1733,2,1,63342.0,1,48,1101,19,2,0,1,60,2
1734,3,1,44989.0,1,26,369,16,0,0,0,47,0
1735,1,0,31859.0,1,3,48,5,0,0,0,41,0
1736,2,0,51569.0,1,39,467,19,2,0,1,72,2
1737,3,0,30372.0,2,33,44,8,0,0,0,50,0
1738,0,0,16014.0,2,42,38,10,0,0,0,42,0
1739,3,1,41120.0,2,80,81,9,0,0,0,53,0
1740,1,0,39763.0,1,9,167,10,1,0,1,50,2
1741,2,1,38725.0,2,52,45,7,0,0,0,66,0
1742,3,1,77981.0,1,78,664,21,0,0,0,49,1
1743,1,1,62905.0,1,68,622,20,0,0,0,57,1
1744,1,0,13533.0,1,45,48,7,0,0,0,42,0
1745,3,1,59481.0,1,47,461,16,0,0,0,46,1
1746,3,1,72117.0,1,34,1073,26,0,0,0,44,1
1747,1,1,21955.0,1,81,55,8,0,0,0,35,0
1748,3,1,67131.0,1,72,976,26,0,0,0,65,1
1749,2,0,36802.0,1,23,20,5,0,0,0,41,0
1750,3,1,71853.0,0,29,1149,17,0,0,0,39,1
1751,0,1,28249.0,0,80,43,6,0,0,0,60,0
1752,1,1,47808.0,1,30,224,10,1,0,0,46,0
1753,2,0,25509.0,1,15,101,9,1,0,1,47,2
1754,2,1,51012.0,0,86,209,10,0,0,0,75,0
1755,3,0,70596.0,0,68,968,21,0,0,0,36,1
1756,2,1,85431.0,0,54,1165,17,0,0,0,69,1
1757,3,1,42664.0,1,44,24,5,0,0,0,54,0
1758,3,1,42586.0,2,7,252,16,1,0,1,66,2
1759,3,0,29760.0,1,87,165,12,0,0,0,36,0
1760,2,1,28973.0,0,59,269,13,0,0,0,44,0
1761,2,1,39435.0,1,16,102,7,0,0,0,48,0
1762,1,1,65370.0,0,1,461,19,0,0,0,37,1
1763,0,0,20194.0,1,64,47,7,0,0,0,42,0
1764,2,0,42473.0,2,72,144,10,0,0,0,45,0
1765,3,1,64590.0,0,98,1338,24,0,0,0,53,1
1766,3,1,71232.0,1,91,917,25,0,0,0,62,1
1767,3,1,34600.0,2,8,318,17,1,0,1,50,2
1768,3,0,46904.0,2,20,253,14,0,0,0,54,0
1769,3,1,49094.0,1,6,502,20,0,0,0,48,1
1770,3,1,36075.0,1,54,119,7,0,0,0,38,0
1771,1,1,60839.0,2,72,1250,29,0,0,0,42,1
1772,3,1,77298.0,1,46,969,24,0,0,0,42,1
1773,3,1,34026.0,2,11,76,9,0,0,0,71,0
1774,2,0,48918.0,2,21,62,7,0,0,0,58,0
1775,1,1,82122.0,0,89,1382,26,1,0,0,59,1
1776,3,0,37697.0,1,82,84,7,0,0,0,45,0
1777,3,1,34074.0,2,69,255,14,1,0,0,69,0
1778,1,1,28520.0,2,55,43,5,0,0,0,61,0
1779,3,0,62535.0,1,13,398,14,0,0,0,66,1
1780,1,0,36273.0,1,80,76,8,0,0,0,44,0
1781,3,1,63404.0,2,97,902,15,1,0,0,57,1
1782,1,1,75774.0,1,27,823,21,0,0,0,40,1
1783,3,1,78416.0,1,99,1179,26,0,0,0,45,1
1784,3,1,75702.0,1,87,1921,29,1,0,0,47,1
1785,1,1,59385.0,2,85,185,10,0,0,0,70,0
1786,3,0,37070.0,2,30,433,23,1,0,1,55,2
1787,3,1,44689.0,2,82,34,6,1,0,0,70,0
1788,3,1,53977.0,1,21,907,27,0,0,0,63,1
1789,2,0,7144.0,2,92,416,25,0,0,0,55,0
1790,3,0,18701.0,2,95,44,10,0,0,0,57,0
1791,3,1,90369.0,0,2,1588,17,1,0,1,65,2
1792,2,0,63159.0,0,74,1797,17,1,0,0,47,1
1793,3,1,37758.0,2,49,40,6,0,0,0,55,0
1794,2,0,46757.0,1,71,1143,21,0,0,0,58,1
1795,1,1,79734.0,0,72,914,14,1,0,0,52,1
1796,3,1,63207.0,0,68,1502,12,1,0,0,29,1
1797,3,0,72071.0,1,4,1338,20,0,0,0,67,1
1798,2,1,21840.0,1,80,27,5,0,0,0,38,0
1799,1,1,58582.0,1,15,763,22,1,0,0,39,1
1800,3,0,72282.0,0,70,1331,22,1,0,1,70,2
1801,3,1,50387.0,2,91,525,19,0,0,0,65,1
1802,2,1,32583.0,2,10,9,4,0,0,0,60,0
1803,3,1,62568.0,1,99,953,16,1,0,0,59,1
1804,1,0,44635.0,2,25,68,7,0,0,0,50,0
1805,1,0,33316.0,2,34,131,10,0,0,0,50,0
1806,3,1,63967.0,1,57,882,23,0,0,0,53,1
1807,1,1,52513.0,0,84,1149,25,0,0,0,43,1
1808,3,1,25293.0,1,51,37,5,0,0,0,52,0
1809,2,0,54111.0,1,97,388,15,0,0,0,56,0
1810,3,1,78394.0,0,13,1428,16,1,0,1,35,2
1811,1,1,80739.0,0,92,1633,24,0,0,0,63,1
1812,1,1,22669.0,1,30,173,10,1,0,1,46,2
1813,3,0,29236.0,1,30,99,9,0,0,0,34,0
1814,3,1,44911.0,1,11,215,12,0,0,0,62,0
1815,2,1,54693.0,1,72,929,31,0,0,0,59,1
1816,3,1,48186.0,1,39,219,12,0,0,0,47,0
1817,3,1,54809.0,2,0,174,12,1,0,1,44,2
1818,3,1,41580.0,2,15,92,9,0,0,0,43,0
1819,2,1,80336.0,0,12,1052,25,0,0,0,51,1
1820,3,1,47743.0,1,56,275,14,1,0,0,64,0
1821,1,1,62972.0,1,39,587,16,0,0,0,66,1
1822,2,0,57333.0,1,55,1662,33,1,0,1,67,2
1823,2,1,32313.0,1,60,159,11,0,0,0,39,0
1824,1,0,84953.0,0,73,1024,18,4,0,1,68,2
1825,1,0,27071.0,1,90,35,7,0,0,0,53,0
1826,1,1,68148.0,0,86,1042,15,0,0,0,64,1
1827,1,1,65735.0,2,37,395,19,0,0,0,56,0
1828,2,1,86836.0,0,7,557,23,4,0,1,46,2
1829,2,1,4023.0,2,29,9,15,0,0,0,58,0
1830,3,1,30093.0,0,19,69,6,0,0,0,31,0
1831,2,1,57705.0,1,14,486,18,0,0,0,55,1
1832,3,0,25008.0,1,72,34,6,0,0,0,33,0
1833,1,0,83257.0,0,56,1365,28,3,1,1,26,3
1834,3,1,22280.0,1,85,13,4,0,0,0,46,0
1835,2,1,72159.0,0,62,1401,21,0,0,0,43,1
1836,3,1,64260.0,0,1,1574,14,1,0,1,60,2
1837,2,0,82733.0,0,28,1323,20,1,0,1,37,2
1838,1,0,74290.0,1,70,1217,32,2,0,0,50,1
1839,1,0,58217.0,3,84,103,7,0,0,0,70,0
1840,1,1,21024.0,0,89,84,7,0,0,0,45,0
1841,2,1,70116.0,0,73,1536,23,0,0,0,49,1
1842,3,1,54006.0,1,42,581,18,0,0,0,36,1
1843,2,1,69063.0,1,16,928,14,0,0,0,55,1
1844,1,0,11448.0,0,16,14,4,0,0,0,46,0
1845,3,0,61825.0,1,56,424,15,0,0,0,42,0
1846,3,1,70886.0,1,65,960,14,0,0,0,50,1
1847,3,1,69109.0,0,10,1555,20,2,0,1,39,2
1848,3,0,60208.0,2,13,656,29,2,0,1,48,2
1849,1,1,32889.0,2,78,55,9,0,0,0,53,0
1850,3,0,34738.0,1,51,20,5,0,0,0,37,0
1851,1,1,30538.0,1,27,367,17,0,0,0,50,0
1852,1,1,82326.0,0,30,2257,22,4,0,1,44,2
1853,2,0,26642.0,1,71,42,7,0,0,0,54,0
1854,3,0,69932.0,1,97,1049,26,0,0,0,57,1
1855,3,0,44503.0,2,83,48,7,0,0,0,49,0
1856,2,0,60200.0,1,3,685,25,0,0,0,73,1
1857,3,0,49638.0,1,71,39,5,0,0,0,69,0
1858,1,0,23830.0,0,3,43,5,0,0,0,34,0
1859,1,0,33051.0,0,15,835,21,1,0,1,62,2
1860,3,1,72905.0,0,52,1515,20,1,0,0,63,1
1861,2,1,69702.0,1,8,1039,26,0,0,0,70,1
1862,3,0,70300.0,1,89,1596,26,0,0,0,46,1
1863,2,1,70643.0,0,66,1828,18,1,0,1,37,2
1864,2,1,30396.0,1,22,34,6,2,0,1,52,2
1865,2,0,50616.0,1,56,149,10,0,0,0,53,0
1866,1,0,62772.0,1,74,946,23,1,0,0,52,1
1867,2,0,30298.0,0,48,28,6,0,0,0,36,0
1868,3,0,52413.0,1,67,450,17,0,0,0,37,0
1869,2,1,44155.0,2,24,46,5,0,0,0,64,0
1870,2,0,86979.0,0,67,1702,16,2,0,1,50,2
1871,3,1,76532.0,2,38,820,25,0,0,0,46,1
1872,3,1,42081.0,1,86,382,15,1,0,0,39,0
1873,2,1,67546.0,0,90,2126,20,0,0,0,33,1
1874,1,1,88420.0,0,87,2069,20,3,0,0,32,2
1875,3,1,31158.0,1,62,72,7,0,0,0,36,0
1876,3,0,61671.0,1,23,732,28,2,0,0,53,1
1877,3,0,69719.0,0,99,801,11,0,0,0,47,1
1878,3,0,49160.0,1,29,236,12,0,0,0,72,0
1879,0,1,24882.0,1,52,80,5,1,0,0,43,0
1880,2,0,90933.0,0,90,1685,15,1,0,0,67,1
1881,2,0,113734.0,0,9,277,27,0,0,0,76,1
1882,2,1,59292.0,1,71,507,18,0,0,0,71,1
1883,2,1,45759.0,2,13,68,7,0,0,0,57,0
1884,3,0,22148.0,0,16,49,5,0,0,0,38,0
1885,1,1,73395.0,0,94,397,15,0,0,0,34,1
1886,3,0,29819.0,1,77,39,9,0,0,0,50,0
1887,3,1,45688.0,1,20,306,14,1,0,0,53,0
1888,3,1,62820.0,0,51,976,14,0,0,0,67,1
1889,2,1,60491.0,1,81,1028,28,0,0,0,50,1
1890,3,1,33235.0,1,71,70,7,0,0,0,35,0
1891,3,1,35701.0,0,36,46,5,0,0,0,62,0
1892,1,1,31535.0,1,95,51,5,1,0,0,41,0
1893,1,1,92556.0,0,32,1263,21,0,0,0,61,1
1894,3,0,67384.0,1,32,1490,22,1,0,0,51,1
1895,1,1,80573.0,0,85,1564,24,0,0,0,50,1
1896,3,1,77870.0,1,93,1815,18,3,0,1,54,2
1897,2,0,52278.0,1,24,1198,31,0,0,0,58,1
1898,3,0,57107.0,1,44,416,23,3,0,1,53,2
1899,3,1,18929.0,0,15,85,6,0,0,0,31,0
1900,2,0,36038.0,1,82,47,8,0,0,0,40,0
1901,3,0,20180.0,0,27,137,8,0,0,0,45,0
1902,2,1,34230.0,2,72,21,4,0,0,0,56,0
1903,1,0,31878.0,1,7,70,6,0,0,0,44,0
1904,1,1,70932.0,1,57,909,22,0,0,0,49,1
1905,3,0,91249.0,0,84,1676,22,5,0,1,65,2
1906,1,0,77598.0,0,53,1735,26,1,0,0,78,1
1907,3,0,80982.0,2,48,1191,30,0,1,0,62,3
1908,1,1,22701.0,1,2,24,5,0,0,0,44,0
1909,2,1,55212.0,1,65,1182,20,2,0,0,52,1
1910,3,1,70617.0,0,45,1280,14,0,0,0,51,1
1911,3,0,64849.0,0,42,1336,19,1,0,1,64,2
1912,1,1,62694.0,2,29,749,24,0,0,0,56,1
1913,2,1,61917.0,2,83,91,7,0,0,0,47,0
1914,2,1,67472.0,1,93,414,15,0,0,0,74,1
1915,1,1,21059.0,1,40,44,9,0,0,0,39,0
1916,1,1,29543.0,2,47,63,8,0,0,0,53,0
1917,3,1,75903.0,1,50,901,23,0,0,0,70,1
1918,1,1,34984.0,2,40,38,6,0,0,0,46,0
1919,2,0,54998.0,1,3,455,20,1,0,1,65,2
1920,2,0,54356.0,1,62,775,24,1,0,1,72,2
1921,1,1,34242.0,1,25,15,4,0,0,0,62,0
1922,3,1,25410.0,1,48,38,6,0,0,0,48,0
1923,2,1,73356.0,0,56,1512,22,4,0,1,37,2
1924,3,1,28320.0,1,68,43,5,0,0,0,71,0
1925,3,0,23763.0,1,64,42,5,0,0,0,44,0
1926,3,1,72570.0,0,67,1089,23,0,0,0,37,1
1927,1,1,34529.0,1,94,162,9,0,0,0,45,0
1928,3,0,70792.0,0,82,1272,19,0,0,0,70,1
1929,3,1,63211.0,0,3,1173,20,1,0,1,39,2
1930,1,1,83891.0,1,24,816,22,0,0,0,47,1
1931,3,0,36065.0,2,54,74,9,0,0,0,53,0
1932,3,1,39898.0,1,20,134,9,0,0,0,67,0
1933,2,0,51141.0,0,96,157,9,0,0,0,81,0
1934,3,1,56939.0,1,19,561,18,0,0,0,45,1
1935,3,0,80872.0,0,60,1336,19,0,0,0,70,1
1936,2,1,72335.0,0,2,2092,23,1,0,1,45,2
1937,2,0,61798.0,0,13,463,16,0,0,0,57,1
1938,2,0,76842.0,0,37,1130,17,0,0,0,71,1
1939,3,1,29478.0,1,59,20,5,0,0,0,45,0
1940,3,0,46998.0,1,55,377,18,1,0,0,65,1
1941,3,0,96843.0,0,60,1544,28,2,0,1,31,2
1942,2,0,56551.0,2,48,138,10,0,0,0,71,0
1943,1,1,70053.0,1,38,1012,26,0,0,0,56,1
1944,2,0,71670.0,0,8,1766,15,4,0,1,59,2
1945,3,1,44359.0,2,19,45,9,0,0,0,43,0
1946,3,0,40887.0,2,32,161,10,1,0,1,69,2
1947,3,0,48877.0,1,27,144,8,0,0,0,55,0
1948,3,1,74485.0,0,58,1734,26,0,0,0,74,1
1949,3,1,64474.0,1,59,823,22,0,0,0,49,1
1950,3,1,77226.0,1,29,1138,28,0,0,0,58,1
1951,3,0,72643.0,0,60,1429,21,2,0,1,72,2
1952,1,1,85738.0,0,41,1371,21,2,0,0,43,1
1953,3,0,55686.0,1,27,982,16,1,0,0,55,1
1954,3,0,39062.0,1,28,44,5,1,0,0,38,0
1955,3,1,34600.0,2,8,318,17,1,0,1,50,2
1956,3,1,40794.0,1,18,434,16,0,0,0,46,0
1957,1,1,54690.0,2,76,198,12,0,0,0,50,0
1958,3,1,4428.0,1,0,359,25,0,0,0,52,0
1959,1,1,32632.0,0,32,576,18,0,0,0,58,1
1960,2,0,38236.0,2,2,88,11,0,0,0,53,0
1961,3,1,36781.0,1,16,63,6,1,0,1,42,2
1962,1,0,31385.0,1,56,27,4,2,0,1,37,2
1963,3,1,24570.0,1,97,193,11,0,0,0,37,0
1964,2,0,25509.0,1,15,101,9,1,0,1,47,2
1965,3,1,94642.0,0,35,2211,21,2,0,0,70,1
1966,1,1,58646.0,1,3,140,8,0,0,0,59,0
1967,3,0,53201.0,2,49,415,22,0,0,0,46,0
1968,3,1,21994.0,1,4,22,4,0,0,0,64,0
1969,3,1,57113.0,2,45,263,16,0,0,0,43,0
1970,3,1,51373.0,0,37,393,12,0,0,0,30,0
1971,3,1,23477.0,1,39,147,10,0,0,0,35,0
1972,3,1,58116.0,1,38,443,16,0,0,0,65,1
1973,2,0,72968.0,0,8,1958,19,2,0,1,58,2
1974,1,1,39791.0,1,89,174,10,0,0,0,50,0
1975,1,0,91712.0,0,47,2217,27,2,0,1,74,2
1976,3,0,94472.0,1,75,1691,16,2,0,0,63,1
1977,3,1,13672.0,2,86,25,6,0,0,0,61,0
1978,1,1,96547.0,0,4,809,21,4,0,1,41,2
1979,3,1,79205.0,0,73,895,16,2,0,1,46,2
1980,2,1,56559.0,1,46,484,18,0,0,0,46,1
1981,2,1,32644.0,1,38,413,18,1,0,0,48,0
1982,1,0,67506.0,1,73,331,12,0,0,0,41,0
1983,3,0,24206.0,1,66,25,5,0,0,0,51,0
1984,2,0,28420.0,1,36,13,4,0,0,0,54,0
1985,3,1,22979.0,1,29,115,10,1,0,1,51,2
1986,3,0,33279.0,0,29,16,4,0,0,0,55,0
1987,1,0,46423.0,2,6,92,9,0,0,0,49,0
1988,3,1,30368.0,1,97,52,7,0,0,0,44,0
1989,3,1,63684.0,1,61,1464,23,0,0,0,51,1
1990,3,0,41638.0,1,68,441,17,1,0,0,57,0
1991,2,0,68805.0,1,73,283,12,0,0,0,62,0
1992,2,1,65814.0,1,90,747,23,0,0,0,55,1
1993,3,0,71964.0,0,81,1870,17,0,0,0,63,1
1994,3,0,39146.0,1,1,165,11,0,0,0,35,0
1995,3,1,96876.0,0,79,1941,24,4,0,1,44,2
1996,0,1,34445.0,0,92,839,27,0,0,0,40,1
1997,3,0,68281.0,0,31,1655,25,1,0,1,63,2
1998,1,1,37284.0,2,46,23,4,0,0,0,46,0
1999,3,1,36790.0,0,14,66,6,1,0,1,38,2
2000,3,1,27943.0,2,89,37,8,0,0,0,54,0
2001,3,0,22263.0,2,31,21,6,0,1,0,70,3
2002,3,1,30261.0,3,75,22,4,0,0,0,49,0
2003,3,1,28587.0,1,42,78,9,0,0,0,43,0
2004,1,1,43815.0,1,53,79,6,0,0,0,39,0
2005,3,1,48195.0,2,53,265,17,0,0,0,65,0
2006,1,1,77027.0,1,23,1175,19,0,0,0,69,1
2007,2,1,71322.0,1,57,1305,28,0,0,0,56,1
2008,1,1,32765.0,1,49,46,8,0,0,0,42,0
2009,3,1,29672.0,2,6,25,4,0,0,0,56,0
2010,3,0,23272.0,0,29,46,5,0,0,0,68,0
2011,1,1,49912.0,1,5,874,26,2,0,1,72,2
2012,1,1,7500.0,1,98,100,10,0,0,0,36,0
2013,2,0,68117.0,1,80,930,25,2,0,1,74,2
2014,3,1,67225.0,1,4,868,23,0,0,0,66,1
2015,3,1,17649.0,1,70,45,9,0,0,0,45,0
2016,3,1,55914.0,1,32,1260,29,0,0,0,46,1
2017,3,1,40059.0,1,82,414,12,1,0,0,37,0
2018,3,1,60905.0,1,27,392,15,0,0,0,71,1
2019,3,1,75330.0,2,94,1109,29,0,0,0,44,1
2020,3,0,60689.0,1,23,639,22,0,0,0,70,1
2021,3,1,38680.0,1,97,79,6,0,0,0,37,0
2022,3,1,61416.0,0,25,1665,24,1,0,0,39,1
2023,3,0,49767.0,0,92,692,18,0,0,0,30,1
2024,3,0,83273.0,3,98,1392,29,0,0,0,51,1
2025,3,1,29009.0,1,19,44,7,0,0,0,40,0
2026,1,1,45057.0,1,80,50,6,0,0,0,42,0
2027,3,1,37150.0,1,80,467,21,0,0,0,50,1
2028,3,0,43020.0,1,79,223,12,0,0,0,51,0
2029,3,1,53154.0,1,50,158,9,0,0,0,62,0
2030,3,1,65308.0,0,60,1211,28,2,0,0,48,1
2031,3,0,76467.0,1,44,1575,14,1,0,1,51,2
2032,1,1,81044.0,0,0,1208,22,0,0,0,74,1
2033,3,1,32871.0,2,28,43,5,0,0,0,70,0
2034,3,0,55801.0,2,35,527,21,1,0,0,46,1
2035,3,0,76320.0,1,49,932,15,0,0,0,62,1
2036,1,0,36927.0,2,46,71,8,0,0,0,66,0
2037,3,1,48794.0,2,97,54,5,0,0,0,68,0
2038,3,0,23478.0,0,51,129,7,0,0,0,56,0
2039,3,0,71128.0,1,80,1615,27,0,0,0,48,1
2040,2,0,70179.0,1,10,1034,26,0,0,0,45,1
2041,3,1,59462.0,1,29,1088,25,0,0,0,71,1
2042,3,1,38361.0,1,74,137,10,0,0,0,52,0
2043,2,1,70038.0,0,54,1244,17,0,0,0,39,1
2044,3,1,42554.0,2,93,41,7,0,0,0,43,0
2045,3,1,67445.0,1,63,1174,32,0,0,0,47,1
2046,3,0,67046.0,1,92,993,15,0,0,0,70,1
2047,3,1,42192.0,0,40,100,7,0,0,0,73,0
2048,2,1,77610.0,1,70,1680,17,0,0,0,69,1
2049,3,1,31761.0,1,96,98,9,0,0,0,37,0
2050,3,1,34350.0,1,81,48,5,0,0,0,42,0
2051,3,1,54591.0,1,63,519,19,0,0,0,72,1
2052,3,1,71866.0,1,85,715,20,0,0,0,65,1
2053,3,1,25293.0,1,51,37,5,0,0,0,52,0
2054,2,0,42000.0,0,23,653,20,1,0,1,34,2
2055,3,1,69520.0,0,95,1455,21,0,0,0,38,1
2056,3,0,64713.0,1,11,602,19,1,0,1,51,2
2057,1,1,27889.0,1,42,26,5,0,0,0,44,0
2058,0,0,22123.0,0,77,102,7,0,0,0,61,0
2059,3,1,27803.0,1,40,176,9,0,0,0,48,0
2060,3,1,51651.0,1,32,433,17,0,0,0,61,1
2061,3,1,68487.0,0,48,1366,30,0,0,0,33,1
2062,3,1,56796.0,1,24,1001,27,0,0,0,52,1
2063,1,1,87000.0,0,61,961,18,0,0,0,29,1
2064,3,1,79823.0,1,6,1518,23,1,0,0,62,1
2065,3,0,30828.0,1,16,56,8,0,0,0,41,0
2066,1,1,34109.0,1,39,22,4,0,0,0,50,0
2067,1,0,53367.0,2,2,400,21,1,0,1,47,2
2068,0,1,22390.0,0,49,26,4,0,0,0,52,0
2069,3,1,71322.0,1,31,350,13,0,0,0,45,0
2070,3,0,79244.0,0,58,1216,22,3,0,1,28,2
2071,1,1,49912.0,1,5,874,26,2,0,1,72,2
2072,2,1,48699.0,2,90,40,5,0,0,0,71,0
2073,3,1,80144.0,0,47,1367,19,0,0,0,46,1
2074,3,0,54252.0,2,25,264,15,0,0,0,65,0
2075,1,1,81929.0,1,60,2053,20,3,0,1,45,2
2076,3,1,76068.0,1,67,1376,10,2,0,0,46,1
2077,1,1,53204.0,2,40,45,5,0,0,0,45,0
2078,2,1,67911.0,1,63,976,27,0,0,0,72,1
2079,1,1,14796.0,1,1,51,6,1,0,1,37,0
2080,2,1,78128.0,1,89,1264,20,2,0,0,47,1
2081,0,1,14188.0,0,40,75,7,0,0,0,49,0
2082,0,1,20425.0,1,5,57,7,0,0,0,35,0
2083,1,1,58646.0,1,3,140,8,0,0,0,59,0
2084,3,0,72967.0,1,1,497,19,2,0,1,51,2
2085,1,1,48150.0,1,24,266,13,0,0,0,72,0
2086,3,0,82332.0,0,89,2006,21,2,0,1,60,2
2087,3,0,58275.0,2,48,615,23,0,0,0,66,1
2088,2,1,44953.0,0,31,1021,24,1,0,0,40,1
2089,3,1,34587.0,2,68,22,6,0,0,0,68,0
2090,1,1,43018.0,1,46,133,7,0,0,0,47,0
2091,1,1,45736.0,1,92,437,19,0,0,0,67,1
2092,1,1,66476.0,1,80,1013,26,0,0,0,52,1
2093,1,1,27733.0,1,16,57,7,0,0,0,40,0
2094,2,1,69805.0,1,50,1038,27,0,0,0,69,1
2095,1,0,72217.0,0,93,1573,22,0,0,0,59,1
2096,3,0,25818.0,1,51,28,4,0,0,0,50,0
2097,1,1,37509.0,1,24,123,9,0,0,0,45,0
2098,1,1,25176.0,2,79,13,4,0,0,0,45,0
2099,3,1,43586.0,1,26,132,10,0,0,0,41,0
2100,1,1,53230.0,1,86,732,23,0,0,0,65,1
2101,3,1,50116.0,2,68,66,7,1,0,0,64,0
2102,3,1,84906.0,0,98,1631,24,3,0,0,49,1
2103,3,1,61286.0,1,34,608,18,0,0,0,55,1
2104,2,1,82333.0,0,60,1822,18,2,0,1,35,2
2105,2,1,65220.0,0,3,1282,23,1,0,1,56,2
2106,3,1,33590.0,3,65,8,4,0,0,0,47,0
2107,3,0,30992.0,1,83,43,5,0,0,0,45,0
2108,1,0,72309.0,0,64,1931,20,2,0,1,45,2
2109,2,1,156924.0,0,85,8,0,0,0,0,72,1
2110,0,1,16005.0,1,69,103,8,0,0,0,41,0
2111,1,0,65487.0,0,48,1169,17,0,0,0,64,1
2112,3,1,58692.0,1,21,395,15,0,0,0,56,1
2113,3,0,40590.0,2,30,258,15,1,0,0,52,0
2114,3,0,20587.0,1,39,25,5,0,0,0,51,0
2115,1,0,62637.0,1,76,185,10,0,0,0,67,0
2116,1,0,29435.0,2,11,180,11,1,0,1,55,2
2117,3,0,19346.0,1,26,22,5,0,0,0,47,0
2118,3,1,35788.0,2,34,44,7,0,0,0,50,0
2119,3,0,36997.0,2,72,94,12,0,0,0,53,0
2120,3,1,23539.0,0,13,81,7,0,0,0,64,0
2121,3,0,65333.0,1,58,798,28,2,0,0,48,1
2122,3,0,78499.0,0,12,1334,19,2,0,1,64,2
2123,2,1,29732.0,1,23,38,5,0,0,0,50,0
2124,1,1,41275.0,3,33,61,11,0,0,0,61,0
2125,2,1,63516.0,2,30,300,16,0,0,0,48,0
2126,2,1,42769.0,1,15,88,8,0,0,0,59,0
2127,1,1,49572.0,2,25,54,7,0,0,0,63,0
2128,3,1,69209.0,0,4,1782,16,1,0,0,49,1
2129,3,1,17148.0,1,80,68,11,0,0,0,45,0
2130,3,0,40590.0,2,30,258,15,1,0,0,52,0
2131,1,1,30560.0,1,6,31,5,0,0,0,45,0
2132,1,1,32146.0,1,16,66,8,0,0,0,38,0
2133,1,0,41713.0,2,57,174,13,0,0,0,57,0
2134,1,1,34176.0,1,9,28,5,0,0,0,46,0
2135,2,1,58482.0,1,59,731,22,1,0,0,66,1
2136,3,0,59686.0,1,78,274,12,0,0,0,56,0
2137,2,1,60896.0,1,90,1701,26,1,0,1,57,2
2138,3,1,62994.0,1,74,312,13,0,0,0,41,0
2139,3,1,47320.0,1,10,414,20,0,0,0,64,1
2140,1,0,74859.0,0,63,1565,23,1,0,0,72,1
2141,0,0,15253.0,1,13,29,6,0,0,0,29,0
2142,2,0,31560.0,1,98,94,8,0,0,0,47,0
2143,3,0,72071.0,1,4,1338,20,0,0,0,67,1
2144,1,0,91172.0,0,94,1092,14,5,0,1,31,2
2145,3,1,90000.0,0,91,1479,18,3,0,0,37,1
2146,3,0,41967.0,2,66,54,5,0,0,0,40,0
2147,3,0,69263.0,1,14,568,18,1,0,0,56,1
2148,1,0,65706.0,0,77,1199,27,4,0,1,51,2
2149,3,1,60934.0,1,41,873,23,0,0,0,46,1
2150,3,1,71965.0,1,21,1213,17,0,0,0,70,1
2151,3,1,65210.0,1,25,731,22,2,0,0,66,1
2152,2,1,79174.0,0,2,2043,19,3,0,1,46,2
2153,1,0,81380.0,0,51,1893,17,0,0,0,54,1
2154,2,0,48432.0,1,3,424,19,0,0,0,48,0
2155,3,1,52914.0,1,32,575,15,1,0,0,50,1
2156,3,1,38946.0,1,84,257,12,0,0,0,66,0
2157,3,1,26067.0,1,49,56,9,0,0,0,47,0
2158,2,1,44325.0,1,69,542,21,1,0,0,49,1
2159,3,1,42523.0,0,96,125,7,0,0,0,57,0
2160,0,0,26487.0,1,23,69,9,0,0,0,43,0
2161,1,1,53233.0,1,18,40,5,0,0,0,64,0
2162,3,1,67716.0,1,8,1016,28,1,0,0,61,1
2163,1,1,76234.0,1,21,907,23,1,0,0,49,1
2164,2,1,84117.0,0,60,1566,24,1,0,0,65,1
2165,1,1,65487.0,0,48,1169,17,0,0,0,64,1
2166,0,1,25224.0,1,36,46,7,0,0,0,49,0
2167,1,0,89616.0,0,36,1644,25,1,0,1,38,2
2168,3,0,40851.0,2,63,59,5,0,0,0,50,0
2169,3,1,27469.0,0,2,17,4,0,0,0,74,0
2170,1,1,82347.0,0,38,1853,25,3,0,1,64,2
2171,3,1,73803.0,1,61,1528,22,2,0,1,64,2
2172,1,0,8820.0,2,52,35,10,0,0,0,69,0
2173,3,0,43322.0,0,25,141,8,0,0,0,47,0
2174,3,1,55593.0,1,63,546,17,1,0,0,48,1
2175,3,1,50501.0,2,10,500,20,2,0,1,67,2
2176,3,1,37085.0,2,65,61,10,0,0,0,46,0
2177,0,0,16185.0,1,71,106,8,0,0,0,31,0
2178,3,0,57731.0,1,0,704,26,0,0,0,52,1
2179,2,0,48432.0,1,3,424,19,1,0,1,48,2
2180,3,1,73807.0,1,88,849,23,0,0,0,43,1
2181,3,1,18929.0,0,15,85,6,0,0,0,31,0
2182,3,0,35893.0,2,80,199,15,0,0,0,53,0
2183,3,1,61014.0,1,17,1147,20,0,0,0,41,1
2184,3,1,32144.0,2,76,54,10,1,0,0,67,0
2185,0,1,14918.0,1,52,43,5,0,0,0,58,0
2186,3,0,45146.0,2,28,53,6,0,0,0,58,0
2187,1,0,41769.0,1,31,521,22,0,0,0,66,1
2188,3,1,88325.0,0,42,1623,18,0,0,0,40,1
2189,1,0,38054.0,2,24,45,7,0,0,0,71,0
2190,1,0,80617.0,0,42,1435,19,0,0,0,26,1
2191,3,1,5305.0,1,12,32,1,0,0,0,45,0
2192,3,1,36807.0,2,88,16,4,0,0,0,67,0
2193,3,1,28427.0,1,67,52,7,0,0,0,38,0
2194,2,0,82032.0,0,54,1234,17,0,0,0,73,1
2195,3,1,22775.0,1,40,15,4,0,0,0,43,0
2196,1,1,40101.0,1,73,415,17,0,0,0,36,0
2197,3,1,58025.0,1,81,470,18,0,0,0,42,1
2198,1,0,75777.0,0,12,1438,21,3,0,1,39,2
2199,1,1,7500.0,1,7,53,11,0,0,0,42,0
2200,1,1,33562.0,3,33,51,9,0,0,0,58,0
2201,2,0,57642.0,1,24,679,22,1,0,0,51,1
2202,3,1,58554.0,2,55,586,22,0,0,0,53,1
2203,3,1,63777.0,2,87,653,26,0,0,0,42,1
2204,3,0,57967.0,1,39,468,19,0,0,0,59,1
2205,3,1,24434.0,2,9,50,7,0,0,0,49,0
2206,3,0,11012.0,1,82,84,9,1,0,0,37,0
2207,1,0,44802.0,0,71,1049,27,0,0,0,51,1
2208,3,0,26816.0,0,50,22,4,0,0,0,35,0
2209,3,1,666666.0,1,23,62,11,0,0,0,44,1
2210,3,1,34421.0,1,81,30,4,0,0,0,47,0
2211,3,1,61223.0,1,46,1341,18,0,0,0,54,1
2212,2,1,64014.0,3,56,444,22,1,0,0,75,1
2213,3,0,56981.0,0,91,1241,19,1,0,0,40,1
2214,1,1,69245.0,1,8,843,23,0,0,0,65,1
2215,2,1,52869.0,2,40,172,11,1,0,1,67,2
